EndNodes_1,EndNodes_2,Weight
1,5,1.9492539526933e-11
8,1,0.869564754825264
8,5,0.0392152513587507
10,5,0.0487797001251786
10,6,0.0440521509266127
