EndNodes_1,EndNodes_2,Weight
1,5,0.526312736342987
4,10,0.0568172697327677
5,3,0.0199199929150487
6,5,0.0308637078891537
10,4,0.0429177660577002
10,7,0.0378781666599253
