EndNodes_1,EndNodes_2,Weight
1,2,0.0435784389815739
1,6,0.666661626246334
1,7,0.309760444502392
2,6,0.724635255501702
3,7,0.0467282137398437
3,10,0.0324632865645352
6,7,0.060605638733669
7,2,0.0465121256765406
7,8,0.223878468573939
8,5,0.823528767566206
