EndNodes_1,EndNodes_2,Weight
1,6,0.11121760097375
1,9,0.123965512534139
3,1,0.018552563269463
4,5,0.0471690608176468
5,3,0.76922917277183
6,7,0.0884944828222305
6,8,0.126982616769826
8,7,0.0315041454883789
9,6,0.323026643277069
10,2,0.0374525749664503
