EndNodes_1,EndNodes_2,Weight
2,4,0.606058869694233
2,9,0.04255256275078
3,1,0.0444437750857416
4,3,0.0181156086309707
4,6,0.749996433517296
5,3,0.0185525415363825
6,10,0.724635671710917
7,6,0.588233280188667
7,8,0.555553818038177
9,5,0.0819661154920357
