EndNodes_1,EndNodes_2,Weight
1,6,0.666664262004813
1,7,0.236632183707311
1,8,0.10588115786465
2,6,0.593218620944814
2,7,0.0825830614200563
3,10,0.487802816813998
5,2,0.0996667876596637
6,7,0.133738800903935
7,8,0.0864257184304379
8,5,0.187615771434018
