EndNodes_1,EndNodes_2,Weight
2,6,0.0218814730807467
4,5,0.0239804012029924
5,6,0.0185181806389021
7,2,0.0338980226268198
7,9,0.0319488506657428
7,10,0.833334436150826
9,4,0.0198016556832737
9,5,5.46957979068414e-12
10,2,1.03143240755006e-11
10,9,3.03758464958517e-11
