EndNodes_1,EndNodes_2,Weight
2,4,0.0890482499941565
2,6,0.181660983060415
3,4,0.595368250039325
3,5,0.0595890637234548
3,6,0.0638441550411216
4,7,0.74600142695896
4,8,0.182597034801172
5,2,1.47829933501006
5,6,0.187184640816043
7,2,0.0957195704135849
