EndNodes_1,EndNodes_2,Weight
1,6,0.0576506609717761
1,9,0.265484258276775
2,1,0.0294985454621656
2,4,0.025973597494608
4,1,0.0359673175274183
4,5,0.114502564656973
5,3,0.845069593149244
6,7,0.0293250576824703
6,8,0.376809512801971
9,6,0.298630879905489
