EndNodes_1,EndNodes_2,Weight
2,10,0.0224719975155634
4,8,0.392154708877067
6,8,0.0431028376703844
6,9,0.1176460534122
8,2,1.70811281785532e-12
8,9,0.0141239717323834
8,10,0.0130716269781437
9,6,0.0205757900438688
9,8,1.50901355209984e-12
10,2,0.0206181923740928
