EndNodes_1,EndNodes_2,Weight
1,3,0.0296732646897784
2,4,0.454546137771946
2,8,0.0393695036684455
7,4,0.068065434847607
7,6,0.517239272923499
7,10,0.454543186093759
9,4,0.0427343748747031
9,8,0.0349645058861573
10,4,0.0999988856659672
10,7,0.0238660076050676
