EndNodes_1,EndNodes_2,Weight
2,4,0.499997224131568
2,8,0.0289012597581261
4,6,0.655734338374677
4,10,0.0730005826008635
5,7,0.0181814870005383
6,10,0.178569577171209
7,6,0.115383077600289
7,8,0.56337980919668
9,5,0.392153709235824
9,7,0.0497505351326422
