EndNodes_1,EndNodes_2,Weight
1,5,0.749998791125932
2,8,0.022421140069105
3,2,0.0340129914708259
4,5,0.0431027120339366
5,8,0.00972739080422184
7,1,0.0147272542344645
7,5,4.9761750275934e-11
9,7,8.74894601210485e-11
9,10,0.0420161352854327
10,7,0.275228748612595
