EndNodes_1,EndNodes_2,Weight
2,4,0.0313474780051249
2,10,0.526315899798318
3,5,0.0222713173055552
3,10,0.44689476375541
5,1,0.0662242765249827
5,3,0.0357137680814317
5,10,0.0410666409671115
8,4,0.408160685858796
8,7,0.0272474228204681
9,2,0.0294980702801641
