EndNodes_1,EndNodes_2,Weight
2,1,0.0380223048189305
3,6,0.0383135519622891
4,10,0.0303026007924964
5,8,0.0277773340077897
5,9,0.0251884958366588
6,8,0.0182145948674906
8,1,0.694442966815147
8,2,0.0151054470624102
8,9,1.54094822316598e-11
9,10,0.0408157169339088
