EndNodes_1,EndNodes_2,Weight
1,3,0.00018057
2,4,0.00074786
2,8,0.00010007
6,4,0.00017757
6,10,0.00014429
7,4,0.00089691
7,6,0.0012959
7,10,0.020043
9,4,0.00045758
10,4,0.00077978
