EndNodes_1,EndNodes_2,Weight
1,3,0.0037237
2,4,0.013605
2,8,0.002177
6,10,0.0019364
7,4,0.0081635
7,6,0.019034
7,10,0.25878
9,4,0.0071081
10,3,0.0012742
10,4,0.016468
