EndNodes_1,EndNodes_2,Weight
1,3,0.00340767369161603
1,7,0.0196904859729524
2,7,0.0051117716309524
2,9,0.00366561461652642
3,6,0.00373587360385401
4,5,0.0158570098617566
6,3,0.00344260224510259
7,10,0.554708479085937
8,4,0.00317158260964112
9,5,0.00299991951377656
