EndNodes_1,EndNodes_2,Weight
1,6,0.0708979198301346
2,7,0.182525191354473
5,8,0.267148918483844
5,10,0.0467189692024922
6,2,0.517443753672967
6,7,0.0142390800047556
7,8,0.114465568026504
8,9,0.0533119679711751
9,2,0.273135945625406
9,6,0.484421848540066
