EndNodes_1,EndNodes_2,Weight
2,1,0.00391038585921864
2,3,0.00392618767321715
3,2,0.00355922551479772
4,8,0.00374779158043316
6,9,0.00887590698865309
7,8,0.0036133694829975
8,1,0.398514412157822
9,3,0.00355045227801169
9,10,0.029365504456514
10,9,0.00411068044623283
