EndNodes_1,EndNodes_2,Weight
1,5,0.00292742483412817
1,10,0.00431596210039002
2,10,0.00490870924786087
3,9,0.00454423411663552
5,4,0.628921291301868
6,3,0.603041403162005
6,8,0.00476094164816923
7,9,0.00294134901980027
10,2,0.00306437383821409
10,7,0.0106386391851144
