EndNodes_1,EndNodes_2,Weight
2,1,0.0300246702532413
2,10,0.20426279828425
5,8,0.00412827328640139
6,2,0.60270907451769
6,10,0.0135436844291419
7,9,0.00410807513751063
8,3,0.654657167501229
9,1,0.026013811583439
9,10,0.00934352481469168
10,1,0.0103859945402438
