EndNodes_1,EndNodes_2,Weight
2,4,0.00586346021128564
6,3,0.00527710968047386
6,5,0.0112003121955277
8,7,0.0372925253019394
8,10,0.457119831515864
9,7,0.00600587537267412
9,8,0.112535743216913
9,10,0.00436860915783569
10,5,0.0321924024372763
10,7,0.00754751663552324
