EndNodes_1,EndNodes_2,Weight
2,6,0.0051561614275706
3,1,0.0218188099354979
3,5,0.00905645006374515
3,6,0.00357745812195916
5,7,0.370037414496345
6,3,0.524171704841931
6,5,0.413501335558573
8,4,0.00404971652109269
8,7,0.00951867326918856
10,4,0.188902320944664
