EndNodes_1,EndNodes_2,Weight
1,8,0.00359272831259998
2,6,0.428671204587794
3,4,0.074308292850243
3,10,0.00403681717215546
4,5,0.507409498277272
5,4,0.00457901723086058
7,1,0.00401194240562902
7,8,0.0035576358508446
8,1,0.00394144214893994
10,9,0.00343159786790407
