EndNodes_1,EndNodes_2,Weight
3,8,0.00319105629955555
4,8,0.852510331224993
5,6,0.00519434023147804
5,9,0.00412745583528886
7,5,0.0063310682884941
7,10,0.0142301293521566
8,6,0.614477620723401
8,9,0.00286839540179986
10,2,0.0035726344230424
10,4,0.00289251416671545
