EndNodes_1,EndNodes_2,Weight
1,2,0.0659182908929246
3,1,0.00662352639709343
4,9,0.362819790720302
4,10,0.00639434639476715
6,2,0.0197636226918766
7,5,0.0273375196059053
7,9,0.00352462984224904
9,2,0.242064345811433
9,10,0.00893439760874319
10,2,0.00411913104765293
