EndNodes_1,EndNodes_2,Weight
1,8,0.00409027539883264
1,9,0.00455192568053483
1,10,0.00557964665382766
3,7,0.00464278628082372
3,10,0.00636297167992637
4,2,0.200741366398421
5,9,0.00436553791000464
6,2,0.0043616428474986
6,7,0.00417582707790955
10,2,0.00393822982997946
