EndNodes_1,EndNodes_2,Weight
2,9,0.0140676644891676
3,6,0.0127721386719217
3,8,0.131870943321376
6,3,0.00655166893168782
6,4,0.00694570997503772
7,8,0.0297932732068186
7,10,0.189918643741882
9,3,0.07824448624652
9,6,0.769824496220183
9,10,0.265820588343412
