EndNodes_1,EndNodes_2,Weight
1,3,0.0135414890616669
1,7,0.406766866945724
2,4,0.146767925190957
3,5,0.663412258451105
3,8,0.0207654968059221
3,10,0.0496927289122167
4,10,0.0541212855992048
7,6,0.203036985122246
8,2,0.0142591709375814
10,2,0.502226530484653
