EndNodes_1,EndNodes_2,Weight
1,9,0.00397639658620947
4,3,0.00421649793207099
5,7,0.474493438828067
6,8,0.110704838128887
7,1,0.200318507151916
7,9,0.57277757874251
8,5,0.00400365801144008
9,1,0.017124074959975
9,6,0.0143568511971844
10,4,0.00393236336804523
