EndNodes_1,EndNodes_2,Weight
1,2,0.0511300640902827
1,4,0.00381681988370988
2,1,0.00511769852896044
2,8,0.00338927716468433
3,1,0.00367917258866449
5,4,0.355809077391469
5,7,0.00476127560503377
6,1,0.00466430104681448
8,9,0.00418865710084625
10,8,0.00785177676310368
