EndNodes_1,EndNodes_2,Weight
1,4,0.00467900644506069
1,7,0.0800449093913479
1,9,0.00351434746091545
3,8,0.00367478065784422
5,9,0.051105101902354
6,4,0.00368565818454802
7,4,0.250385861700299
9,4,0.167745748501127
10,6,0.00499903016501038
10,8,0.0150188124891488
