EndNodes_1,EndNodes_2,Weight
1,3,0.559537641855801
1,5,0.0123515912069503
2,6,0.00383372094419957
2,8,0.0049394623966363
5,4,0.0042985698423526
7,1,0.0038055369472979
7,6,0.00520251674662006
8,6,0.0294124953962446
10,3,0.0060889216956141
10,6,0.00375827923448738
