EndNodes_1,EndNodes_2,Weight
1,5,0.297369405894748
4,1,0.00341350127021654
4,2,0.00393159032810755
5,9,0.539745672331433
6,7,0.00606424174080184
7,3,0.00348948986837248
7,5,0.200011437088021
8,2,0.00624065410143915
10,2,0.0214759501439803
10,6,0.0103514340725364
