EndNodes_1,EndNodes_2,Weight
2,1,0.0040586134909698
2,7,0.0533335710004315
2,8,0.0297952481316946
4,5,0.00387386623036216
5,2,0.00503584787293074
5,7,0.0100049883423231
5,8,0.00556167362185446
7,5,0.00406787582923796
9,4,0.0043613644242947
10,4,0.00558087586838103
