EndNodes_1,EndNodes_2,Weight
1,2,0.00488947444327441
1,8,0.0187191118545139
2,4,0.0115564476004943
2,7,0.00378759930557569
3,5,0.422527962072958
7,2,0.00590404812750112
7,10,0.00496818545306259
8,1,0.00401050123010358
9,1,0.00378441259102024
10,7,0.00389865814863713
