EndNodes_1,EndNodes_2,Weight
1,8,0.00467635768097997
1,9,0.0252271849392746
2,9,0.0334768581803678
2,10,0.0046004074082662
3,8,0.255520956007025
4,6,0.0712629817147273
5,3,0.506339095101768
8,5,0.00726436553021165
8,6,0.00715554981147574
9,8,0.034257920227859
