EndNodes_1,EndNodes_2,Weight
2,3,0.00422547111194753
2,9,0.00492203099846943
4,7,0.0662490016477107
5,6,0.00359712148531248
5,10,0.00403915009140039
6,1,0.408330423773938
7,8,0.0039689614411257
7,9,0.00368271056489123
8,4,0.0508750232019021
9,8,0.34928163378644
