EndNodes_1,EndNodes_2,Weight
1,4,0.00378910931776366
1,5,0.598734901144815
2,4,0.00376365245832726
3,2,0.00397980409764621
4,6,0.00679994368435461
4,8,0.00384175976136536
6,9,0.00562835011466332
7,2,0.00453787738647595
9,3,0.183407579865413
10,5,0.451119861046917
