EndNodes_1,EndNodes_2,Weight
2,4,0.0464958232230018
2,7,0.0745249869108135
2,10,0.220442909902502
3,10,0.158101767253785
5,1,0.0357413517870544
5,10,0.0224979316776639
7,4,0.00549171262109104
7,10,0.00650761991734163
8,4,0.631438597168979
8,9,0.069893403934085
