EndNodes_1,EndNodes_2,Weight
2,3,0.0050320973714861
3,8,0.00477510133746608
3,9,0.00854198881530314
3,10,0.38626705391785
4,5,0.288953694927542
4,7,0.00729996533288069
5,3,0.0172623407965477
5,8,0.13910863795878
9,6,0.483003819306042
10,9,0.0721092627671193
