EndNodes_1,EndNodes_2,Weight
1,4,0.00929814974721045
1,9,0.0132270420936888
2,5,0.0576438572905971
3,1,0.301018442899665
3,9,0.0616028854641541
5,3,0.116834655228519
8,2,0.0744814321708804
8,5,0.00733851306994308
9,4,0.299022966547101
10,6,0.337765864642219
