EndNodes_1,EndNodes_2,Weight
1,6,0.00548437691996837
2,9,0.0048452335096739
3,6,0.059827735951688
3,10,0.00359453621286355
6,3,0.00362330622704393
7,2,0.299792158422672
7,4,0.00521977529162124
7,9,0.322568938087532
8,4,0.25226780668328
10,9,0.00477860890219947
