EndNodes_1,EndNodes_2,Weight
2,1,0.026018855294286
2,3,0.284391480940864
3,1,0.00558575991393827
4,3,0.437937036318745
4,7,0.00550354099941302
5,1,0.00478266721765813
6,7,0.0216349436569934
7,1,0.0889269876755951
7,2,0.014981752552914
7,5,0.00526225828775243
