EndNodes_1,EndNodes_2,Weight
1,5,0.0170125891039624
2,6,0.00389018372001827
2,8,0.114889048264731
4,6,0.531422078438853
5,2,0.00302700425447333
5,6,0.044819458536904
8,9,0.00347774021514116
9,8,0.0556393253208406
10,4,0.22701358894371
10,6,0.00418514476756631
