EndNodes_1,EndNodes_2,Weight
1,2,0.00611683040291302
2,9,0.0436403903572913
2,10,0.0494451677509424
3,2,0.0486265979575935
3,8,0.0120111302345003
3,9,0.00405811148080956
5,10,0.533337791458274
6,2,0.287056278747594
7,9,0.0205525516480889
8,2,0.0421659139823715
