EndNodes_1,EndNodes_2,Weight
4,1,0.0705677221349987
4,3,0.734192361959765
4,6,0.143235772587254
4,9,0.127073166193201
4,10,0.055240893998334
5,1,0.198619058687309
6,9,0.0199415306582609
7,4,0.0434847914776982
8,2,0.106893412397133
8,10,0.293009799886017
