EndNodes_1,EndNodes_2,Weight
2,9,0.0251895902010186
4,3,0.0190813364437679
5,8,0.0555792714991555
6,10,0.00629929466900435
8,3,0.0671959755995605
9,6,0.434366381832163
9,7,0.0119308214023596
9,10,0.704903677292773
10,6,0.00888100013830354
10,7,0.324892529800492
