EndNodes_1,EndNodes_2,Weight
2,6,0.173218622146446
3,7,0.177050569744982
3,9,0.0153090302150382
5,7,0.04028706522163
6,10,0.268128480735422
8,1,0.0250535255854694
8,7,0.118324521057147
9,4,0.110669514745744
9,6,0.036319061130532
10,2,0.16782151154208
