EndNodes_1,EndNodes_2,Weight
1,5,0.567000216973425
3,7,0.00311365508183095
4,1,0.00308199367854787
6,4,0.00454583608608714
7,1,0.00950630715120358
7,2,0.00301123278783118
7,4,0.00346252292664822
8,3,0.00412780879415698
10,4,0.0214519452417331
10,7,0.0409204231478174
