EndNodes_1,EndNodes_2,Weight
1,2,0.00418046303357704
1,6,0.00328899844405376
2,5,0.0036670333039455
4,10,0.0213566002349982
6,1,0.00696486608843297
7,6,0.00406889984921082
8,5,0.00376109523337817
9,7,0.0469074845670176
9,10,0.00341863868850065
10,9,0.00344750098296191
