EndNodes_1,EndNodes_2,Weight
1,10,0.00361194130057139
2,6,0.82255936822544
4,2,0.00471610837660195
5,3,0.00564531443410512
5,6,0.00367494839029037
5,9,0.00413887968362893
7,6,0.00429488305139257
7,9,0.277470022105078
8,1,0.0461210575260247
9,10,0.0127445944511603
