EndNodes_1,EndNodes_2,Weight
1,5,0.586653651079709
2,6,0.259743152231894
2,8,0.159757418606456
3,1,0.00544533530791757
3,7,0.00685696220692894
3,8,0.0403587513423196
4,7,0.102234289703451
4,8,0.00663782837531015
5,1,0.00869949569476624
9,8,0.0783310427217152
