EndNodes_1,EndNodes_2,Weight
3,4,0.0142932002854673
4,10,0.618207926964456
5,3,0.20156807810099
5,4,0.162761529852631
6,7,0.0349186731304348
7,1,0.0249302257888003
7,4,0.155303682107403
8,10,0.458924470714647
9,5,0.168128277466998
10,2,0.0530829002076085
