EndNodes_1,EndNodes_2,Weight
1,7,0.00886709442927024
3,7,0.179772814112678
4,9,0.28728430904513
6,1,0.105900440396459
6,4,0.00575978824902641
6,7,0.00510178234945527
7,4,0.138794855048768
8,5,0.258294419363191
9,2,0.016992724257994
10,8,0.302291162298073
