EndNodes_1,EndNodes_2,Weight
1,9,0.00909225533032322
2,7,0.00399265370343157
3,2,0.46786071198405
4,2,0.00556236000620693
6,4,0.00517756464581674
8,3,0.00524314536407602
8,7,0.0048259506100356
9,4,0.00494152483260731
10,3,0.0345194728562157
10,9,0.007675988555733
