EndNodes_1,EndNodes_2,Weight
1,4,0.206805362882896
2,5,0.0240004783556083
5,1,0.270629469970102
6,5,0.0538290597786955
6,9,0.0998729559859956
6,10,0.0404422837069743
8,10,0.0494769436535243
10,5,0.0210340797604244
10,6,0.145784391754092
10,9,0.0261538487499167
