EndNodes_1,EndNodes_2,Weight
2,4,0.239627897234526
4,6,0.350735539871319
4,10,0.0098895145564896
5,9,0.00468551462055247
6,10,0.25647502600671
7,6,0.351018929190982
7,8,0.567915233927692
7,10,0.00672916406318
8,6,0.00718260711919161
9,5,0.0677181612526062
