EndNodes_1,EndNodes_2,Weight
2,9,0.00402750674332159
4,1,0.00419793057583148
4,6,0.00478978473206446
4,10,0.00468269890192328
6,3,0.00398071331862687
7,3,0.00446271925119159
7,4,0.00862852928323412
9,2,0.0510607369774474
9,8,0.0781447965895983
10,6,0.693502899732251
