EndNodes_1,EndNodes_2,Weight
2,1,0.004876405140637
2,10,0.00701527738804526
3,7,0.171879412336849
5,1,0.0066672483635889
5,6,0.315714720687093
5,10,0.0282811762179894
6,1,0.309443681536112
8,2,0.0965672381623567
9,6,0.170761307764687
10,7,0.0127264135334814
