EndNodes_1,EndNodes_2,Weight
1,3,0.00430473988564367
1,4,0.00664999113206971
1,10,0.00539435916721059
2,8,0.00422433638643301
4,6,0.00378047394438433
5,6,0.283476866054661
7,3,0.00400838436557232
8,4,0.00366561712784069
8,10,0.00999257990494327
9,7,0.00565382032102903
