EndNodes_1,EndNodes_2,Weight
2,1,0.0512870621835818
2,4,0.044073926899962
2,8,0.400610184987788
3,4,0.213523510646445
3,5,0.429692900468854
7,4,0.0822919055533974
8,1,0.143753944936787
8,2,0.0425912449544203
8,6,0.0681837590687829
10,4,0.0704845360457449
