EndNodes_1,EndNodes_2,Weight
2,1,0.0333434329644142
3,1,0.0178829271295963
3,10,0.0161417523975318
5,8,0.0601558881288534
6,1,0.372709260806302
6,3,0.701019757473107
7,4,0.00614583532036808
7,5,0.00484414110785871
9,6,0.0045901499896846
10,8,0.0667694290567302
