EndNodes_1,EndNodes_2,Weight
1,8,0.0090892239178211
1,9,0.315039642223377
3,5,0.00446987305589195
4,10,0.118430433585014
7,2,0.00417990893342299
7,6,0.0036557525262062
8,10,0.0153304904764052
9,4,0.00313379120809186
9,8,0.00390643059864589
10,1,0.00317933739212144
