EndNodes_1,EndNodes_2,Weight
1,9,0.333036478063941
2,4,0.00374260127326618
2,10,0.00371943826846973
4,6,0.121263262223904
5,6,0.00783341790373375
6,3,0.274606980775476
7,6,0.00425966652191844
8,1,0.0037935295237169
8,10,0.546483624911203
10,1,0.0169278279623474
