EndNodes_1,EndNodes_2,Weight
1,6,0.0190796904685302
3,1,0.0976616779074455
3,5,0.202262605388382
3,6,0.14885833794486
3,7,0.136332938851848
5,1,0.00646114539065707
5,6,0.00880255260269864
6,7,0.00621494197777743
7,6,0.0109969328690979
9,6,0.00654941809146559
