EndNodes_1,EndNodes_2,Weight
1,6,0.0052137599514778
3,2,0.00404236397460571
5,2,0.00365443027635801
5,6,0.00459593645655723
6,1,0.00460463698296381
6,4,0.654727518568913
7,10,0.068615748491269
8,10,0.00397700866111418
9,7,0.0264579333684164
10,7,0.0113286826656152
