EndNodes_1,EndNodes_2,Weight
1,6,0.00520495548938579
1,9,0.00456288635532632
1,10,0.003502228007696
4,2,0.00345632074211146
5,7,0.00408765145657811
7,8,0.4266518099438
8,3,0.0103162817137375
9,5,0.453691974916422
9,7,0.038053921629085
10,6,0.00349129138086291
