EndNodes_1,EndNodes_2,Weight
1,6,0.235397206517118
2,6,0.733336430581158
3,7,0.157730887032744
3,10,0.206480866851781
5,2,0.0211587782797316
6,7,0.0980992147573548
7,8,0.0705465927386949
8,2,0.0624216552687539
8,5,0.436622787392197
10,8,0.206770085637221
