EndNodes_1,EndNodes_2,Weight
2,9,0.00382698004034042
4,3,0.338793234764882
4,5,0.00348212126936383
4,7,0.00908369730767835
5,2,0.00514391239684848
5,10,0.00426728680152064
6,3,0.00381020062648927
6,7,0.00436228406393445
7,4,0.102304797809408
8,5,0.00379842544468003
