EndNodes_1,EndNodes_2,Weight
1,9,0.0160636458998557
2,4,0.00482314330565403
2,8,0.00389139622542687
4,1,0.436150052870817
4,9,0.00514264793965029
6,1,0.0290014743018745
6,2,0.00359145092877888
8,5,0.0858370934994777
10,1,0.0652064626025229
10,4,0.0173530797948946
