EndNodes_1,EndNodes_2,Weight
1,9,0.0032639200720559
3,2,0.587802712502947
3,5,0.0041232775069605
5,7,0.00383514781344308
7,10,0.71446186574038
8,4,0.00330385555324838
8,5,0.0579123701438263
8,6,0.00317999606881815
9,6,0.00350938761561493
10,4,0.0529020121477376
