EndNodes_1,EndNodes_2,Weight
1,2,0.0043706301039364
2,7,0.113923627279763
2,10,0.00473637666377057
5,3,0.409305440781255
5,9,0.0740113803039914
6,3,0.186682761756269
7,4,0.260941048925727
8,4,0.166100684308591
9,8,0.00555114164553519
10,4,0.19736619754216
