EndNodes_1,EndNodes_2,Weight
1,4,0.00551266527771423
4,7,0.00472165292951278
4,10,0.130726815732339
6,3,0.00387174994177344
6,8,0.00350372477929995
7,2,0.00561467860852587
7,8,0.0311396077337748
8,5,0.0037123592336822
9,5,0.0241700612018074
9,8,0.00354315169775781
