EndNodes_1,EndNodes_2,Weight
1,4,0.0115321043981322
2,8,0.00324071320603598
2,10,0.00429021533613311
3,5,0.105510789693068
4,3,0.00325370555115631
6,3,0.00481911980808653
7,8,0.00320765985754668
7,10,0.0034698126214693
9,6,0.00351903746087662
10,7,0.215444010910544
