EndNodes_1,EndNodes_2,Weight
1,4,0.0813061140663383
2,6,0.2944729373557
3,1,0.0256756276097607
4,1,0.0222826969399809
7,9,0.0335483311759677
7,10,0.678023443096715
8,2,0.00682317271812725
8,9,0.00497852253969423
9,4,0.0682848271493943
10,9,0.00785720577660644
