EndNodes_1,EndNodes_2,Weight
2,3,0.114781447927717
2,5,0.00404465359659468
3,2,0.0173073665532635
4,1,0.0219292348092341
5,6,0.00864553248075763
5,7,0.00445814237831219
7,6,0.349603384180898
9,3,0.0037618368871213
9,10,0.00783167689303684
10,7,0.0506181285196542
