EndNodes_1,EndNodes_2,Weight
1,3,0.17557936950336
2,6,0.0700749586451442
3,1,0.0135418937396571
3,8,0.0118972461335676
3,10,0.375313781089596
4,3,0.343703005020319
4,7,0.0951308136497603
5,3,0.0256728113589157
5,9,0.0202450907422975
10,8,0.28185420528043
