EndNodes_1,EndNodes_2,Weight
1,4,0.316944672918981
2,1,0.00924615812255449
2,5,0.0153212844687591
3,8,0.00583647950148034
5,2,0.129249116179755
7,5,0.0358854641933094
9,8,0.0655926503421715
10,3,0.671993082991329
10,4,0.0256184837594499
10,8,0.498231796092203
