EndNodes_1,EndNodes_2,Weight
1,4,0.0121635602472147
1,7,0.544767051873092
2,3,0.85257740254081
3,1,0.0799363504071399
3,5,0.0301577825411492
3,8,0.440668347721832
3,9,0.0553695207603603
8,4,0.277774918237009
8,9,0.0138305356543652
9,8,0.0107869420947237
