EndNodes_1,EndNodes_2,Weight
1,4,0.00415371517489103
1,10,0.00396053234580389
2,7,0.00351564328146162
4,7,0.00387369259557145
5,6,0.019984009907764
6,7,0.00411096991791428
7,3,0.0175234487281782
9,5,0.0036937852019519
9,7,0.00325616238795132
10,1,0.00469896892925316
