EndNodes_1,EndNodes_2,Weight
1,2,0.286315957498918
1,8,0.0299243229332999
2,6,0.0035402667294173
2,8,0.00366527580860021
5,8,0.00328495746989396
6,4,0.0682470747917578
7,10,0.0318675401599523
8,2,0.189265348680117
8,4,0.183042328716701
9,1,0.00533197677623201
