EndNodes_1,EndNodes_2,Weight
5,4,0.0276463853438178
5,7,0.00513426019013735
7,3,0.81501787549917
8,5,0.00487488175134075
8,6,0.00360327897999714
9,1,0.0198779182861273
9,6,0.222675149068818
9,7,0.00379018263259238
9,10,0.0035181950340076
10,2,0.515790357370261
