EndNodes_1,EndNodes_2,Weight
2,4,0.00511916291138011
2,8,0.631994316880078
3,4,0.0420683036941141
3,5,0.00405651424955403
3,7,0.00360472875175909
7,3,0.00347372990902322
7,6,0.00650315953735763
7,8,0.00480122663502701
10,1,0.0252993214684134
10,2,0.00395704190408503
