EndNodes_1,EndNodes_2,Weight
1,2,0.0821810642502791
1,4,0.0321524704018046
1,5,0.611000209183824
1,10,0.0209329649471021
2,10,0.291206322123947
4,6,0.139470781541824
7,8,0.0947957315076977
7,9,0.119825572754028
10,1,0.111324982385883
10,6,0.233586514480002
