EndNodes_1,EndNodes_2,Weight
2,3,0.0101376673626677
3,7,0.102454691963673
3,8,0.0103760263695102
4,3,0.00484557399055554
5,6,0.60073569523447
6,10,0.0290966425310412
7,10,0.355653415379242
8,5,0.0096260735704385
8,7,0.00388922432294686
10,9,0.0713807736254401
