EndNodes_1,EndNodes_2,Weight
2,8,0.232256875701817
3,5,0.0100306943113266
4,7,0.035443519410084
6,1,0.457552165299682
6,7,0.00422213264799507
7,3,0.0049383959210727
9,6,0.00508431484700959
10,1,0.00435384736034126
10,8,0.0284225594891216
10,9,0.00596147886073284
