EndNodes_1,EndNodes_2,Weight
1,4,0.0197236117668247
3,1,0.00482306669999833
3,9,0.00517834302035645
3,10,0.00537651567346304
4,1,0.0133016729931454
4,5,0.0201407106775505
5,7,0.00776787528455055
6,2,0.0753348210189238
6,7,0.399598996725742
7,2,0.00740712250989757
