EndNodes_1,EndNodes_2,Weight
1,5,0.0635193460287095
2,7,0.00542126342648218
3,1,0.193685990359869
4,2,0.141245943184236
4,7,0.0412010503137456
5,1,0.032725173316966
7,2,0.00470180542588232
10,1,0.00473682961225297
10,2,0.0165762144469385
10,4,0.00634443531552005
