EndNodes_1,EndNodes_2,Weight
1,2,0.0308710347252455
1,3,0.027603827364073
1,9,0.023956141303757
2,1,0.107926855167036
2,9,0.109513185193077
4,1,0.178725294009858
4,2,0.657814200642951
4,9,0.00987755866049577
8,6,0.611097347718706
8,7,0.0260289018368656
