EndNodes_1,EndNodes_2,Weight
1,6,0.0068207472209736
2,4,0.569735524719766
2,6,0.0918505390800706
3,7,0.126279147137703
5,3,0.359522569914513
6,4,0.00454608022466674
7,4,0.0529529051409101
10,1,0.20635488850352
10,3,0.141945189895467
10,6,0.0807550377463087
