EndNodes_1,EndNodes_2,Weight
1,6,0.00516076611270947
1,9,0.00424276268234543
3,8,0.116241614396959
5,4,0.514716214695806
7,2,0.0219719755557545
8,3,0.296803223221702
9,1,0.00831045767915157
9,6,0.0409503060016483
10,1,0.509289489136076
10,9,0.588522903187557
