EndNodes_1,EndNodes_2,Weight
3,1,0.00494850320002534
3,4,0.00564107675946494
5,6,0.00450584692026591
6,8,0.161778570160244
7,2,0.0230339706793829
7,10,0.115083120866752
8,6,0.0107137601881568
9,1,0.281299009691018
10,4,0.0325814938423
10,6,0.00469575425602847
