EndNodes_1,EndNodes_2,Weight
4,7,0.00362286024298255
5,3,0.212230096199967
6,3,0.00355019519069665
6,8,0.0161571395676772
6,9,0.0047114834878774
7,5,0.00439864905317095
8,6,0.00500828739479287
9,3,0.00339894160493224
10,1,0.0040845185953957
10,2,0.00437889765532069
