EndNodes_1,EndNodes_2,Weight
2,1,0.544186767617342
2,4,0.07195469844976
3,7,0.167339688778633
4,3,0.0563280113125611
6,5,0.703494767995954
6,7,0.00616082949231725
7,4,0.289872480098995
8,4,0.00976319937670078
9,3,0.185154674740707
9,7,0.00976684537966853
