EndNodes_1,EndNodes_2,Weight
1,3,0.310947368533824
2,1,0.0246590854235618
2,5,0.0253894005899369
4,5,0.0121278061173426
4,9,0.153073188068405
5,1,0.212844366814729
5,2,0.239163687580878
7,9,0.0571079790588574
7,10,0.190447541524653
9,5,0.0157839303224229
