EndNodes_1,EndNodes_2,Weight
1,5,0.00477212862856958
2,7,0.22645695366762
4,1,0.0059754140713253
4,8,0.00345569047220029
5,4,0.00418230916762489
6,3,0.00854527576969828
7,8,0.00437185571988331
9,3,0.00366830983633509
10,6,0.00532160703783248
10,9,0.0544706701689023
