EndNodes_1,EndNodes_2,Weight
1,5,0.155445477325494
1,6,0.0541040073335584
2,3,0.242715503800313
4,1,0.374057665865209
5,6,0.00586715114232661
6,8,0.196909699198736
6,10,0.376275746242414
7,5,0.00620916199871704
8,10,0.00584668964216197
10,8,0.0105550609794908
