EndNodes_1,EndNodes_2,Weight
1,9,0.00582889529324927
2,1,0.0276326872427399
2,9,0.0392691505843286
3,1,0.0541183913270061
5,2,0.3911997597954
5,9,0.00535526467152656
8,5,0.00537971851656767
9,2,0.00482305975166142
10,4,0.0670633586657016
10,7,0.0220712143941933
