EndNodes_1,EndNodes_2,Weight
1,10,0.00547716778029476
3,7,0.0364671006233775
4,8,0.0049562209114276
6,1,0.606132475027418
6,10,0.0755457397171469
8,10,0.0345969273209462
9,3,0.0102697739405126
9,7,0.00505388604815756
9,10,0.00463034742104573
10,7,0.0373272753374631
