EndNodes_1,EndNodes_2,Weight
1,10,0.146271162771117
2,1,0.213100357366982
2,4,0.105085928767257
3,5,0.262201711618262
4,3,0.30043669360209
5,4,0.0365258410141149
6,4,0.0470545999474924
9,6,0.0522557031837307
10,2,0.0253070198308187
10,6,0.042503129898436
