EndNodes_1,EndNodes_2,Weight
1,5,0.0105595113281125
3,5,0.135314626094787
4,5,0.0427998703912279
4,6,0.132032866882185
5,10,0.190824418021993
6,4,0.00962912869329437
8,7,0.0950291384025743
8,9,0.26084950386836
9,5,0.0135036757835215
10,3,0.0337138788737729
