EndNodes_1,EndNodes_2,Weight
1,7,0.10600241110652
2,10,0.0956303319892885
3,1,0.121093373997205
3,8,0.583816635030774
5,3,0.00833027221388599
5,4,0.0144245185800175
6,8,0.0813260293761791
8,1,0.00974385352399987
10,3,0.0780239150529197
10,5,0.0921126216627856
