EndNodes_1,EndNodes_2,Weight
1,7,0.288426974542359
2,1,0.0137305616738252
2,6,0.00686665438888525
2,7,0.00738560665798687
2,9,0.00623814366952825
6,10,0.00631764374609825
7,2,0.300664579033854
7,6,0.0099552847255837
8,10,0.0446854208770457
9,4,0.0338584333197518
