EndNodes_1,EndNodes_2,Weight
1,3,0.215056279975565
2,5,0.114571816901136
2,6,0.00621975703633591
2,9,0.0193775128495295
3,6,0.384867424698889
5,2,0.109184391082481
5,9,0.0861844754630557
7,2,0.107710950588447
7,5,0.0502863762373151
9,7,0.0577032093148286
