EndNodes_1,EndNodes_2,Weight
1,2,0.29939489891307
1,9,0.0838246042291412
2,3,0.0631081826711446
3,5,0.150143810918856
3,7,0.0827562393059683
3,10,0.0707629600911093
7,3,0.22399310114082
7,5,0.0499716623841844
7,10,0.175094232730487
9,7,0.286267236975791
