EndNodes_1,EndNodes_2,Weight
1,4,0.400273801992571
1,8,0.07114471645817
1,9,0.215079443836964
3,9,0.0123698490793135
3,10,0.015888182597604
8,3,0.561474196283534
8,9,0.546910977430822
8,10,0.308357282104066
9,2,0.0230585747042524
9,7,0.0196047016751861
