EndNodes_1,EndNodes_2,Weight
1,8,0.00374405030687143
3,2,0.00484568894739791
3,6,0.0907361469718515
4,2,0.139107892673856
4,3,0.385123096488356
4,6,0.00502938856871939
5,9,0.0036882172891852
7,9,0.00333920970174128
9,1,0.0177985501612575
9,10,0.00449954755976192
