EndNodes_1,EndNodes_2,Weight
1,5,0.00931912647897258
3,10,0.0089371865267134
4,8,0.00978801890493906
6,7,0.154405512850951
7,10,0.0052101672891954
8,5,0.0437944538906129
9,2,0.00565717517631105
9,8,0.00571210966324959
9,10,0.00512601224858106
10,1,0.0215562750472966
