EndNodes_1,EndNodes_2,Weight
1,3,0.135338362425979
2,8,0.438940116122415
3,1,0.218784999256841
5,10,0.02350710934008
7,10,0.00617672825178178
8,1,0.0289718363004311
9,1,0.00382241712378718
9,4,0.0126171446960679
9,8,0.00428732454922519
10,7,0.351783516437345
