EndNodes_1,EndNodes_2,Weight
1,2,0.320538952783277
2,6,0.301097152384052
3,9,0.0246436345479888
4,1,0.342206045796109
4,2,0.0136266496888854
4,3,0.0500632123971663
4,6,0.0148464987804323
5,8,0.24844843943133
10,6,0.316458615519961
10,9,0.00641525054277195
