EndNodes_1,EndNodes_2,Weight
1,3,0.170439755340572
2,8,0.00667488575672326
4,6,0.534659177661915
4,9,0.382264772973136
5,1,0.0344057172487831
5,2,0.575268419335551
5,8,0.0384678563327957
5,9,0.266202802395984
6,9,0.00700528235381337
6,10,0.0214394387278826
