EndNodes_1,EndNodes_2,Weight
1,6,0.0362528985116199
1,7,0.0868699291280378
1,8,0.042579925503968
1,9,0.135133218695256
4,3,0.0624916722407814
4,5,0.208331382333884
5,3,0.511385523999451
6,7,0.0270066927339507
6,8,0.131259004834785
9,6,0.227877813590047
