EndNodes_1,EndNodes_2,Weight
2,1,0.0123913056563092
2,6,0.0114545048746783
2,7,0.012062441531873
2,9,0.0119901445921175
3,6,0.0372665570684935
4,9,0.0103839815348832
6,3,0.0104709606721017
8,1,0.597012545421737
9,10,0.0354604433789521
10,9,0.00860562652212473
