EndNodes_1,EndNodes_2,Weight
2,4,0.093480677040083
2,7,0.0167017791584921
2,10,0.158728493565523
3,4,0.0267022234950146
3,10,0.150941882576441
5,1,0.0142854335394048
5,3,0.0121504375321278
5,7,0.0123609183727841
8,4,0.723839063727415
8,9,0.0956011331237638
