EndNodes_1,EndNodes_2,Weight
1,6,0.12874945308758
2,6,0.808406682337821
3,7,0.147491056525455
3,8,0.142601692867274
3,10,0.326581492230567
6,7,0.144507211982362
7,8,0.0825463441363511
8,2,0.0821780213627102
8,5,0.63729447023718
10,8,0.142968259788437
