EndNodes_1,EndNodes_2,Weight
2,3,0.0185751724675755
2,4,0.447757787414288
3,10,0.0124530172666353
4,6,0.612242021734637
4,7,0.0126259986773392
6,10,0.322637918255034
7,5,0.0202146998162776
7,6,0.574710727039463
7,8,0.722889607318675
9,5,0.0415005801540025
