EndNodes_1,EndNodes_2,Weight
1,6,0.0316668125953113
1,7,0.00873339443734367
2,1,0.00921631048835691
2,10,0.009433733413188
3,2,0.0124066684046705
3,4,0.0779210963228438
3,6,0.0118906105199597
4,8,0.0914292956533941
5,6,0.00954200767053489
9,8,0.0101364284894279
