EndNodes_1,EndNodes_2,Weight
2,4,0.129135520683059
2,6,0.124966897399437
3,4,0.255586899020408
4,2,0.0510443970850923
4,6,0.0484184950432468
4,7,0.724495214978506
4,8,0.246000082746763
5,2,0.229043597076062
6,2,0.062756880858369
7,8,0.0616998271145013
