EndNodes_1,EndNodes_2,Weight
1,3,0.0533800017157785
2,4,0.175955498322809
6,10,0.0153109204887824
7,6,0.730388781564183
7,10,0.120295528135396
9,3,0.0148145207093358
9,4,0.0158470277185862
9,6,0.0384614267467941
10,4,0.240965443211805
10,6,0.0503291662007217
