EndNodes_1,EndNodes_2,Weight
1,3,0.0120916761407508
4,5,0.0284895554830527
4,9,0.0205124298053263
6,10,0.012453034565068
7,8,0.0118621339024172
7,10,0.833331117917859
8,2,0.0133866340043078
8,3,0.0112231056461016
8,10,0.0134950005309541
9,4,0.0118340166851905
