EndNodes_1,EndNodes_2,Weight
1,5,0.660376042278173
3,6,0.0112737256841334
4,7,0.0153601835073173
6,5,0.0131575352911999
7,1,0.0294763365787527
7,4,0.0112042523856859
8,5,0.0100803497993545
10,4,0.116605914993498
10,7,0.0604166209732206
10,9,0.0103302875026496
