EndNodes_1,EndNodes_2,Weight
1,5,0.666660775293851
2,4,1.01123574791639e-10
2,8,0.0124066586847199
2,10,0.0319483878942679
3,4,0.0234737632368649
4,2,0.0127223996027537
5,1,0.0158727512974775
7,4,3.0844442999659e-11
10,4,0.0408992109720875
10,7,0.109089554831003
