EndNodes_1,EndNodes_2,Weight
3,10,0.0305338789124486
4,5,0.0467283217671049
8,1,0.655735423762069
8,2,0.012610045808833
8,6,0.0145769947502195
8,9,0.0145134911941963
9,5,0.0150147334467404
9,6,0.0142042678825092
9,10,0.0499993200804109
10,7,0.0097940746527102
