EndNodes_1,EndNodes_2,Weight
2,3,0.0209640069158867
2,10,0.0208329262332134
3,6,0.0152204047854022
4,5,0.0748119951693798
5,1,0.0103410172449415
7,4,0.0198804561303732
7,5,1.91521798420524e-12
7,10,0.882351268234316
9,5,0.0137548837887733
10,4,9.73167493751901e-12
