EndNodes_1,EndNodes_2,Weight
2,4,0.416663944116511
2,5,0.019379577148664
2,7,0.0201203638625894
4,6,0.631576356318338
4,10,0.224240967769961
6,10,0.109089500250911
7,6,0.361443598849891
7,8,0.677963448080129
7,10,0.113130426866591
9,5,0.0917412334471706
