EndNodes_1,EndNodes_2,Weight
1,6,0.0807966095121932
1,9,0.173334517835717
2,3,0.0245095802318253
3,5,0.0175897857586489
4,5,0.15094171257686
5,3,0.629781502535783
6,7,0.0521223230972493
6,8,0.296293501962502
8,7,0.0481101965023002
9,6,0.428200217940715
