EndNodes_1,EndNodes_2,Weight
1,6,0.0334442431073386
1,7,0.0144505810042377
2,10,0.0580262756971254
3,4,0.0413216558033754
4,2,0.0165559859886026
4,3,0.0184498556556477
4,8,0.100333072650346
4,9,0.0174516880893648
5,1,0.0208764849192584
5,8,0.0184158693222411
