EndNodes_1,EndNodes_2,Weight
1,3,0.0772186049021147
2,4,0.0961512095298168
2,8,0.0356501305298424
5,2,0.023473782212685
6,10,0.0683768523179635
7,6,0.081631632785038
7,10,0.402063912840871
8,4,0.0162861860754911
9,4,0.0772189900139287
10,4,0.124221141862559
