EndNodes_1,EndNodes_2,Weight
1,10,0.0460823460050391
2,4,0.0468384793074427
2,6,0.215466316685788
3,4,0.0521237218345403
3,5,0.0553879104991494
4,7,0.798997008854698
4,8,0.259457737326959
5,2,0.82855999616926
6,2,0.0350219499873563
7,2,0.100160069320089
