EndNodes_1,EndNodes_2,Weight
1,6,0.0862068862782602
2,6,0.675198840873372
3,7,0.0851052609188398
3,10,0.109231637143219
5,2,0.0284049756595836
6,7,0.178080360155975
7,8,0.0870694621695677
8,2,0.0964470459550831
8,5,0.281407182034567
10,8,0.170787201013229
