EndNodes_1,EndNodes_2,Weight
1,7,0.0180828484077214
2,4,0.147993635746497
2,7,0.113958877574967
2,10,0.588232670536981
3,10,0.58823275429615
5,1,0.0274345630356872
6,9,0.0217860574271225
8,2,0.0167501457226694
8,4,0.468745072461454
8,9,0.0826434854056117
