EndNodes_1,EndNodes_2,Weight
2,6,2.07170391952616e-12
3,2,6.48556208737716e-11
3,6,0.131577496693253
4,2,0.0934559490966435
4,3,0.71427720717924
4,6,4.33384991409837e-12
6,8,0.0168064458538205
8,3,1.83580530739532e-11
8,4,0.0246604365594704
9,1,0.0689645591270944
