EndNodes_1,EndNodes_2,Weight
2,4,0.0393694482671871
3,7,0.312497831678101
4,3,0.0487797332028291
5,1,0.0285709560663494
5,6,0.740660410337597
6,10,0.0401600351075738
7,10,0.704223206468017
8,7,0.151513173534148
8,9,0.00440979450985497
10,9,0.0917424513680339
