EndNodes_1,EndNodes_2,Weight
2,3,0.0308637058455876
2,7,0.0438589863804683
3,4,0.0641016893189178
5,10,0.0253804144991473
7,3,3.15287622769769e-12
7,8,0.0169488738638886
9,7,0.0408156203140621
