EndNodes_1,EndNodes_2,Weight
4,10,0.0471690908665707
7,8,0.62499637971939
8,5,1.12890252701447e-12
9,5,0.0812994130845438
9,8,0.0999983836901106
9,10,0.147057219460774
10,5,3.39684467071991e-12
10,8,1.05776400374399e-11
