EndNodes_1,EndNodes_2,Weight
2,4,0.103091518770484
2,7,0.17857003223547
2,10,0.769156385517601
3,10,0.95233823918604
5,1,0.0928170531469652
5,3,0.0223210294338411
5,8,0.0236961992483827
8,4,0.555554035703034
8,5,0.0990086884270106
8,9,0.357141986909697
