EndNodes_1,EndNodes_2,Weight
2,6,0.833334436343003
7,1,1.87724003009038e-11
7,8,0.0456613654975994
7,9,0.416663631399578
8,1,0.235292355331611
8,9,6.72841789228909e-11
9,1,6.76091188334995e-12
9,3,0.0178568380298198
9,10,0.0170065214656399
