EndNodes_1,EndNodes_2,Weight
1,3,0.579707614893893
1,7,0.0229880887901719
2,3,0.0218814579370379
2,5,1.66667678818633
3,6,0.397349117984449
5,2,0.169489529894652
5,9,0.122948214601071
7,1,0.0284896353999654
7,2,0.0840339571754218
8,1,0.0199598136711728
