EndNodes_1,EndNodes_2,Weight
7,4,0.270268082958079
9,8,0.555555938329247
10,6,0.95234153445424
