EndNodes_1,EndNodes_2,Weight
2,4,0.624999852363591
2,6,0.526313190717292
3,7,0.154637530361381
5,3,0.465113749547744
5,7,0.0726332268211451
7,4,0.152283925769685
9,8,0.0335564048830975
10,1,0.740660410495028
10,3,0.253162520084003
10,6,0.392153029130559
