EndNodes_1,EndNodes_2,Weight
2,7,0.0336695241822709
3,7,0.588233715818053
5,1,7.78258790745667e-10
5,6,0.555550457848455
5,10,0.238092797861201
6,1,0.555549737082603
8,2,0.045870821758647
8,7,3.24499372490067e-11
9,1,4.81453432676915e-10
9,6,0.45454477242611
