EndNodes_1,EndNodes_2,Weight
3,8,0.714287190808788
5,4,0.769229332295297
6,2,7.5401698773625e-12
6,7,0.0258393923253671
7,2,0.0429178402312571
8,3,0.833334436241758
9,6,0.0364958387923431
10,1,0.0458708376847965
10,6,1.1858297174752e-09
10,9,0.740660412092707
