EndNodes_1,EndNodes_2,Weight
1,5,0.449436100353258
2,1,0.0975933965544329
2,3,0.0432893468637374
2,5,6.7674754689051e-12
3,1,0.0623184825627928
3,5,4.77214926912569e-12
4,1,4.21331025624028e-10
4,2,0.322578326646242
4,5,9.89297532782984e-12
5,1,0.0429184382201399
