EndNodes_1,EndNodes_2,Weight
1,3,0.0186912790967498
2,8,0.624997851629116
3,6,0.0255750610467058
4,7,0.2380931909376
6,1,0.0847464170348906
6,3,1.30004960417911e-10
8,2,0.0346014394550273
9,5,0.0892848410860746
