EndNodes_1,EndNodes_2,Weight
2,7,0.54053850154917
3,2,0.0352106592853663
3,7,5.49045425463233e-12
4,9,0.0359706411021408
7,3,0.0196460418136254
