EndNodes_1,EndNodes_2,Weight
4,2,2.66921651448371e-10
4,9,0.71428444308114
5,2,0.0462956343552483
6,2,0.666664410161216
7,5,0.0440521513465985
9,2,0.468747865830177
