EndNodes_1,EndNodes_2,Weight
4,1,0.0342459962842613
4,3,0.0406498039550646
6,1,0.425530909194235
6,3,0.833331958777074
6,4,0.0259063335604628
6,10,0.0359706878418106
9,1,0.172412304622124
9,2,0.312497654394351
10,4,2.43299769161393e-11
10,8,0.0843869805260579
