EndNodes_1,EndNodes_2,Weight
3,1,0.0229881182624505
5,3,0.769225559792139
6,8,0.135132368506238
