EndNodes_1,EndNodes_2,Weight
1,7,0.799998210467293
1,9,0.0442636084951349
2,1,0.101410255161408
2,3,0.476188908385094
2,4,0.168372439492702
2,5,0.185738432992408
2,8,0.260142417252412
3,5,0.0523554635472455
3,8,0.052355259355864
8,4,0.0490190168394383
