EndNodes_1,EndNodes_2,Weight
3,7,0.0943379801623909
6,7,0.588231592514942
8,5,0.444441558377123
10,1,0.277775572464475
