EndNodes_1,EndNodes_2,Weight
1,6,0.308831930791396
1,7,0.666665533455373
2,4,0.377357008088491
3,4,0.41666423238564
3,5,0.769228951758684
3,10,0.266399250536776
4,10,0.0561790129050138
6,1,0.0265952312324273
7,6,0.0483084657798659
10,2,0.833331303791684
