EndNodes_1,EndNodes_2,Weight
1,3,0.714287191112668
4,9,0.0452481799561126
5,2,0.833332862413809
7,9,0.0460822300120077
7,10,0.476187433546746
9,10,4.563810440672e-11
