EndNodes_1,EndNodes_2,Weight
3,1,0.499999045023987
5,2,0.526316817151111
10,4,0.555555940489538
