EndNodes_1,EndNodes_2,Weight
2,4,1.26368915331909e-11
2,10,3.05641623121744e-11
3,2,0.113635089327342
3,4,0.0961525217379543
3,5,1.11114493851494
3,10,0.0263666251636141
4,10,1.39285689722615e-10
5,4,3.40327446836912e-11
5,10,0.0662242310782383
9,4,0.05464403379386
