EndNodes_1,EndNodes_2,Weight
2,4,0.185182404637176
4,7,0.136984775605291
4,8,7.80597808613948e-13
4,9,6.59620309761966e-11
6,1,0.0469476085399519
7,8,8.09962469876928e-13
7,9,0.0181484731897635
9,8,0.624997876900333
