EndNodes_1,EndNodes_2,Weight
1,9,0.0518126281507107
5,4,0.238093155168478
6,3,0.370367698489152
9,4,0.0273968201868926
