EndNodes_1,EndNodes_2,Weight
3,2,0.526316817487854
4,6,0.0190836489215214
7,4,2.81819989567111e-09
7,10,1.11114496159324
8,5,0.126581761416095
10,4,0.322577954488414
