EndNodes_1,EndNodes_2,Weight
1,6,0.0623045316909616
3,4,0.246911652767505
3,7,0.555554331099005
3,9,0.102916331369184
4,9,0.0740731234687454
6,1,0.26315573515334
6,3,0.017421273864556
8,3,0.029154039065832
8,5,0.799996714410996
10,8,0.249998490165364
