EndNodes_1,EndNodes_2,Weight
1,2,0.119302684950518
1,5,0.710924981944051
2,1,0.354905473769224
2,6,0.502796066288142
2,10,0.114940747212885
7,8,0.224717352598633
10,1,0.0710712505626747
10,2,0.0511140963781665
10,4,0.0510584839427027
10,5,0.203669063719703
