EndNodes_1,EndNodes_2,Weight
3,5,0.333330658179564
10,7,0.487802136472642
