EndNodes_1,EndNodes_2,Weight
2,6,0.108694114094906
3,1,0.0401600485641227
3,5,0.363634143797845
3,6,0.512816269549629
3,7,0.645158896778437
5,1,8.67629352156714e-13
6,1,6.76655450395435e-13
6,5,7.67053448519972e-13
7,6,1.29494282593685e-11
10,5,0.0751869993934782
