EndNodes_1,EndNodes_2,Weight
2,1,0.0495043017676917
7,1,0.0456613365199835
7,4,0.0450442655688872
7,9,0.625007100155515
9,1,6.48603063576806e-11
9,4,2.24478443977378e-11
9,6,0.0237525744466063
