EndNodes_1,EndNodes_2,Weight
1,8,0.243900231040899
1,9,0.555555937701134
1,10,0.121949656874685
4,10,0.399998993629558
8,10,7.47140115500598e-12
9,8,5.38811892874496e-12
9,10,1.61636057995009e-11
