EndNodes_1,EndNodes_2,Weight
1,10,0.0680263180599745
3,9,1.79192667648653e-11
5,6,0.666665533508776
6,10,0.0228829260108592
8,3,0.0448423235286038
8,9,0.0260410576885782
10,9,0.0224211099944541
