EndNodes_1,EndNodes_2,Weight
1,3,0.909090619868876
2,6,0.253162422828728
3,10,0.634917739981955
4,3,0.714283351643376
5,1,0.0699290178795722
5,3,0.0917418621578735
5,7,0.0454538796372458
7,2,0.0367641143486017
10,5,0.011441361838583
10,8,0.479995668423
