EndNodes_1,EndNodes_2,Weight
1,3,0.416663684281653
2,8,0.666664464023178
3,1,0.399997219182367
7,8,3.99503347070507e-12
9,5,0.153844029098751
10,7,0.749997886351837
10,8,0.016722107351139
