EndNodes_1,EndNodes_2,Weight
2,3,4.61786164862588e-11
2,7,0.0221725564730599
2,8,0.0189390351588897
2,10,0.0485429647512968
6,2,0.588233083611663
6,10,0.245572390973096
8,3,0.666666739849261
9,10,0.0458708868817469
10,3,3.58471810858715e-11
10,8,9.37704762943264e-11
