EndNodes_1,EndNodes_2,Weight
1,5,0.0476182728568232
1,10,2.71069833246429e-11
2,3,0.555555937192765
3,10,0.0303024907524006
4,1,1.111144954539
4,5,0.297206318354986
4,6,0.185186241357103
4,10,2.25632519721836e-10
6,8,0.66666417221686
6,10,0.740739266052731
