EndNodes_1,EndNodes_2,Weight
1,2,2.09382511329181e-11
1,3,0.0574705020381212
1,7,0.740737512328664
2,3,2.74963740388627e-12
7,2,0.78947102500794
7,3,5.60572405037792e-12
8,10,0.666665533279556
9,1,0.0609747461993263
9,2,3.22797344409764e-12
9,7,5.4313586929812e-12
