EndNodes_1,EndNodes_2,Weight
1,4,6.01747124351348e-12
2,3,0.147056579575842
5,6,0.0408156774774157
7,3,0.0406495773010725
10,1,0.243901052353703
10,4,0.0529092357243293
