EndNodes_1,EndNodes_2,Weight
1,5,0.99997708870839
2,6,0.526317245803353
2,8,0.909089962826783
3,6,0.0735284536161358
3,8,0.277775367380259
4,7,0.555555938732624
4,10,0.0578030268870395
6,8,0.181816319755504
6,9,0.0353350865846255
7,6,0.0272475056685056
