EndNodes_1,EndNodes_2,Weight
1,7,0.0348426603070656
1,8,0.526313545157852
2,1,0.161290447353572
2,8,0.833331654439858
3,4,0.0359706415371309
7,5,0.0662244774492338
8,1,3.99321876219689e-11
8,7,1.40385506383996e-12
8,9,0.0217388137238336
