EndNodes_1,EndNodes_2,Weight
2,6,0.495864879499052
2,10,0.239245455996834
3,6,0.0476183131704826
3,7,0.235292538244236
5,10,0.0490188862696168
6,10,0.0833324637692966
8,6,0.0476183131708059
8,7,0.045453896348578
9,4,0.0452481790275796
10,2,0.198018971229421
