EndNodes_1,EndNodes_2,Weight
1,3,0.571420995971854
1,5,2.6847163381305e-11
1,7,0.040982847668979
1,10,4.57913151841183e-11
3,5,2.86035016038282e-12
3,10,4.87147401547062e-12
7,5,0.0406497883290135
7,10,0.0460822624828594
8,6,0.263155728189219
10,5,6.4190201659948e-12
