EndNodes_1,EndNodes_2,Weight
4,7,2.09371409098935e-12
4,9,0.031545262181706
7,8,6.43002318057029e-12
7,10,1.08782427510334e-12
8,10,8.00254707370652e-13
9,7,0.476187738047063
9,8,0.0934568117103123
9,10,0.0478462077962284
