EndNodes_1,EndNodes_2,Weight
2,4,1.35483568808326e-11
4,2,3.68449715182351e-12
7,2,0.807082613086776
7,4,0.16666467354741
7,9,1.66667984573759
8,2,0.0427344288561795
8,4,0.526312785597968
9,2,0.0262463189952781
9,4,6.41624002952703e-12
