EndNodes_1,EndNodes_2,Weight
1,5,0.869560889015214
1,6,0.0854681639582148
1,9,0.151924244892348
2,7,0.0236402338887534
5,9,0.11834239206427
6,1,0.0206313106156026
6,9,0.0398398990126273
7,5,0.363633810302063
7,9,0.189345264244007
10,6,0.0434775236869895
