EndNodes_1,EndNodes_2,Weight
2,4,0.0869551932615389
2,6,0.173418710929897
4,2,0.0533228072003201
4,7,0.937462669717714
4,8,0.137843486067514
5,2,1.00000779959347
5,4,0.347824284132969
5,6,0.0742696953778272
5,8,0.0504864200266119
7,8,0.052630853269
