EndNodes_1,EndNodes_2,Weight
3,6,0.0277003850802641
4,1,0.0341291300952743
4,3,0.75000975576081
4,6,0.610594152459754
5,1,0.0452482146905576
6,3,0.0492600652013338
6,9,0.163933312757069
6,10,0.0284896110218986
8,2,0.243900358995509
8,10,0.526313304825796
