EndNodes_1,EndNodes_2,Weight
4,6,4.9412252067782e-11
4,8,0.869564754606869
7,5,0.232556141512838
8,6,1.03446407447434
