EndNodes_1,EndNodes_2,Weight
2,6,0.714285307071835
3,4,0.0456613648454689
3,5,1.64928626311678e-10
3,8,0.0341290517797668
4,5,0.606061638043224
5,6,0.0152669096682554
10,7,0.0353350866058191
