EndNodes_1,EndNodes_2,Weight
2,1,0.476186764059227
2,4,0.386592806719088
3,5,0.0952369638869783
4,3,0.63062867867139
4,5,0.0695964383890491
5,4,0.0401607009522038
6,4,0.0526315236133019
9,6,0.350875023346512
10,4,0.0456898773862015
10,6,0.101008863985552
