EndNodes_1,EndNodes_2,Weight
1,4,0.0543471227945789
2,6,0.102039534959195
3,1,0.0460822292356268
5,1,0.588229835953363
5,4,0.145651178280617
7,9,0.0277004262075357
7,10,0.117645744023354
8,2,0.0425525100082265
8,7,0.0383135518739864
9,4,0.0812997157656582
