EndNodes_1,EndNodes_2,Weight
2,1,0.999973771742802
2,5,9.9997799886379
3,4,2.89915869089441e-11
3,7,0.142347275849385
4,3,0.0241541649937613
6,5,0.909091406479064
7,4,0.789471587278509
7,8,0.0139467305706034
9,3,1.00000642080862
9,4,0.0465109299539299
