EndNodes_1,EndNodes_2,Weight
2,5,1.87275583929392e-10
2,9,0.322576131446003
3,7,0.0252520925636067
5,9,0.0523550237729413
7,10,0.624997851631711
8,5,0.0337832976000236
9,5,0.157477796799545
