EndNodes_1,EndNodes_2,Weight
1,2,1.00000239127853
1,4,2.16469620006876e-11
1,8,0.303028239284752
2,4,1.5175083412089e-12
2,8,3.17013612778159e-13
6,4,0.0408157254556489
7,10,0.327866466087623
8,2,0.526316044098231
8,4,0.416664493058174
