EndNodes_1,EndNodes_2,Weight
2,5,0.0483083913999214
3,1,0.561796023531359
3,9,0.153372413445466
5,3,0.423726462390888
7,5,0.0917415635034904
8,2,0.476187718294661
8,5,0.229465438427213
9,3,0.555552640382039
9,4,0.681816066088269
10,6,0.38461260468661
