EndNodes_1,EndNodes_2,Weight
2,9,0.0970862450570999
3,7,1.20392584790352e-12
5,3,2.44360087719997e-13
5,7,0.588232979206461
6,3,0.833331654852659
6,5,0.90909199154007
6,7,2.41337753084926e-11
10,4,0.499999044472042
