EndNodes_1,EndNodes_2,Weight
5,4,0.185183382044049
5,9,0.454542253547211
6,8,0.121953126080582
7,4,0.0869554149251189
8,4,0.0704216238496101
9,4,3.21864475439437e-11
9,7,0.0261092307862026
