EndNodes_1,EndNodes_2,Weight
7,3,0.166665552854474
7,8,0.666665533327821
8,3,3.13447643692275e-11
9,5,0.909091986133998
10,2,0.0492602706927044
