EndNodes_1,EndNodes_2,Weight
1,6,0.0694441729281095
2,7,0.196741003509235
4,2,0.0641686078732922
5,8,0.95238072323533
5,10,0.311777147422515
6,2,0.387083842001683
6,7,0.130452461817798
7,8,0.114776548551354
9,6,0.222124351205141
10,8,0.41153700879244
