EndNodes_1,EndNodes_2,Weight
3,6,1.22945820191234e-11
3,8,0.799997419593292
4,6,0.833331372523161
5,3,0.454542253547211
5,6,0.199997983707249
5,8,3.38071459425679e-11
8,6,3.15893197084822e-12
