EndNodes_1,EndNodes_2,Weight
1,3,0.0471690596322349
2,4,0.58823357355132
2,5,0.120479742934527
4,7,0.0122848342000475
6,9,0.0314460632204052
7,6,0.0446421536195269
7,10,0.606060646369255
9,4,0.024630066484306
9,8,0.0204078268204291
10,4,0.408161290428533
