EndNodes_1,EndNodes_2,Weight
4,7,3.90063675803631e-12
5,4,0.645158654655868
6,4,7.82323409331184e-12
6,5,0.0331120816806276
9,4,0.0352106150437845
9,7,0.0319483824224526
9,8,0.0467282258198711
