EndNodes_1,EndNodes_2,Weight
3,2,0.0386093186529426
3,10,0.0460822095442797
4,5,0.606058868937949
4,8,1.19872611836769e-10
5,8,0.44117300340632
9,6,0.412368921474917
10,2,3.71499455251585e-11
10,6,1.75731651452793e-12
10,9,0.0243305596371268
