EndNodes_1,EndNodes_2,Weight
1,9,0.312497708308694
4,6,0.0775183671816794
4,10,0.027322007903777
5,6,0.0450443572574123
6,2,0.0232555657202887
6,3,0.79999897998889
7,4,0.0985210641170655
7,6,6.07176069127209e-10
8,10,0.71428304879979
10,5,0.0399993636936045
