EndNodes_1,EndNodes_2,Weight
1,2,4.28007629338367e-12
1,4,0.0436675132472748
1,6,0.0280107447493898
2,4,0.0217861507836373
4,2,2.88873809831701e-12
4,5,0.0181815091180871
5,7,0.0305338755161581
6,2,0.499997024230262
6,7,0.289852774098183
7,2,3.18670060469192e-12
