EndNodes_1,EndNodes_2,Weight
2,3,0.454543380285005
3,6,0.0186216587021025
4,1,0.0773805709052356
4,3,0.833331802437854
4,7,0.357142207028802
6,1,0.019409742675826
6,7,0.12499887011915
7,1,0.0892844518395025
7,10,0.0167782357618727
9,5,0.0186912726710298
