EndNodes_1,EndNodes_2,Weight
2,10,0.0418403362673181
3,4,0.232556141420526
3,8,1.6493684196206e-10
4,8,0.357140791188073
5,2,0.0534750058912578
6,1,0.0409829548787061
6,8,0.036363091893357
7,8,0.7142820478089
9,6,0.027854708322009
