EndNodes_1,EndNodes_2,Weight
2,4,4.02271216337624e-10
2,7,0.43477959184538
3,9,7.87331311258299e-12
5,3,0.47618760874422
5,9,0.294115141099849
6,3,0.303028202753957
7,4,0.666661727897763
8,4,0.666667022034348
10,4,0.769232302967927
