EndNodes_1,EndNodes_2,Weight
1,9,0.0342460464565172
1,10,0.0546440299419955
2,3,0.416663827018121
3,1,0.0367641420923475
3,7,0.0546440179269743
4,10,0.0507606932643171
5,10,0.0238659291254555
7,6,0.543475960108987
9,5,0.0561788552178165
10,7,0.338981490606234
