EndNodes_1,EndNodes_2,Weight
2,3,0.0735312877634342
2,6,0.217389386451205
2,9,0.312497708239037
3,6,0.0180502193440738
4,3,0.030583279062065
5,4,0.0337829724496606
8,3,0.0460856175247945
9,3,2.82113234442993e-10
9,10,0.769230003770231
10,7,0.816324764447927
