EndNodes_1,EndNodes_2,Weight
1,2,0.0217861049032966
2,1,0.132157002654763
2,9,0.15384457806921
3,2,0.0315452109973826
4,1,0.36784068789012
4,2,0.909089582176856
4,3,0.248297141076727
4,9,0.280936050106447
5,9,0.0269537614682122
8,6,0.666665533279556
