EndNodes_1,EndNodes_2,Weight
1,3,0.0354604190951605
1,5,0.0421933390507609
3,5,0.800003646542326
4,6,0.0420161358325097
4,9,0.0490186633527746
5,10,0.159742790536031
7,5,0.0255097327241627
8,7,0.384611891748059
8,9,0.769226965756838
9,2,0.01310591021351
