EndNodes_1,EndNodes_2,Weight
4,2,0.0276239945106055
5,6,0.133332112140759
5,8,2.37442676631616e-10
6,4,6.37738403752586e-11
6,8,0.136517176521778
7,10,0.232556141512838
9,1,0.370367697446703
10,4,0.0505037313364693
10,6,0.0534750935046057
10,8,4.34509537319558e-11
