EndNodes_1,EndNodes_2,Weight
1,4,0.130592966586724
3,4,0.0763346049007566
5,1,0.510357757685258
5,4,0.110795640542523
6,1,0.116830423733707
6,9,0.161288831178445
8,10,0.384612458520341
10,1,0.0802606674815448
10,5,0.085105270883072
10,6,0.428569658428802
