EndNodes_1,EndNodes_2,Weight
1,2,0.588232829773875
1,9,0.312497708371983
2,3,0.405986791689781
2,7,0.316577649970514
3,5,0.57471049759939
3,10,0.45156791651987
5,3,0.769231443905656
7,3,0.738534634587115
7,10,0.350767982962267
9,7,0.671891939047206
