EndNodes_1,EndNodes_2,Weight
1,4,0.606057176458152
1,7,0.0436674898001098
1,8,0.277775039712923
1,9,0.526313453756186
3,9,0.152282939051557
3,10,1.25003888677895
8,3,0.911204213949144
10,3,0.501920917676953
10,8,0.0250622318155832
10,9,2.225150519301e-10
