EndNodes_1,EndNodes_2,Weight
6,4,0.999977093901901
7,10,0.0537625252936386
9,7,0.0420161358547239
