EndNodes_1,EndNodes_2,Weight
2,8,0.65217156315276
2,9,0.0933395996725943
3,1,0.121949811663105
3,4,1.00000628541569
3,5,0.666656175883833
7,4,0.769238319665277
8,1,0.373829043455719
8,6,0.238350690181239
8,9,0.097908869600893
10,4,0.540547335972437
