EndNodes_1,EndNodes_2,Weight
2,1,0.0352106593018565
4,6,1.11111083830916
5,6,0.277775469930576
10,4,0.476188908377086
10,6,5.22582777138864e-11
