EndNodes_1,EndNodes_2,Weight
1,3,0.39603596488264
2,8,0.0208764383894241
2,9,0.0409830869170998
4,6,0.95234153421429
4,9,0.425529082329976
5,2,0.999977091919098
5,9,0.673297976395137
7,1,0.0657885611530013
8,3,0.0471691147921489
10,1,0.0334443050080221
