EndNodes_1,EndNodes_2,Weight
4,10,0.59171340468014
5,2,0.0456368462375415
5,3,0.0943384744794999
5,4,0.467286652703034
6,2,1.00000184354231
7,2,0.0186222868624285
7,4,0.540538255193594
8,10,0.714282921668806
9,3,0.11618605728459
9,5,0.399997013581758
