EndNodes_1,EndNodes_2,Weight
1,10,0.0431027111773389
3,2,0.52631445850896
4,10,0.0442471010206686
6,2,3.33326565494946
8,5,0.285712027863813
