EndNodes_1,EndNodes_2,Weight
1,2,0.86956484904538
2,6,0.40907876771152
3,6,0.0501941431373464
4,1,0.71428444308114
4,3,0.499997591193976
5,2,0.044842369975231
5,8,0.333330916194606
9,2,0.0442471156807274
10,2,0.714284395147377
10,6,0.76923048357289
