EndNodes_1,EndNodes_2,Weight
1,2,0.0208329230729686
1,7,0.0799988348162919
2,10,0.0454538330600983
3,1,0.0518127111220657
3,8,0.731701252490004
6,8,0.337075662689254
7,6,0.0138501565714936
9,7,0.52631341147486
10,3,0.55555376404319
10,5,0.0458709526938658
