EndNodes_1,EndNodes_2,Weight
6,5,0.0492602703903026
8,7,0.0520826814785783
8,10,0.652171541859876
9,7,0.0219904424163514
9,8,0.238093190902046
9,10,1.01324504342415e-11
10,7,1.20364860763049e-11
