EndNodes_1,EndNodes_2,Weight
2,6,0.032398388882989
3,8,0.0862058589882181
5,2,0.0378782186774238
5,9,0.0342460548178353
7,10,0.476190019378332
8,6,0.0485436069531206
9,3,0.185183138584032
9,6,0.428844123536899
9,8,0.0403751069766094
9,10,0.495551939330462
