EndNodes_1,EndNodes_2,Weight
1,5,0.0300295699870059
2,4,0.0287351509368079
4,2,0.483867854644826
5,2,4.95298246860898e-12
5,4,0.0255751023719466
