EndNodes_1,EndNodes_2,Weight
1,4,0.0862055904795295
3,4,0.0337832176831418
5,2,0.526311759783832
5,4,0.0460822564359656
6,2,0.0490188011712751
7,5,0.243899957148262
9,8,0.0434776412863977
10,3,0.714284443035459
10,4,0.0199793590216601
10,8,0.344825672915004
