EndNodes_1,EndNodes_2,Weight
1,3,0.199998181771898
1,5,1.25003815297749
3,8,6.67098321027737e-12
5,3,2.77658804162865e-12
8,5,2.08799644241253e-12
8,10,0.0729917552354503
9,3,0.714283283520772
9,8,0.0943387713543545
10,5,0.86951069130707
