EndNodes_1,EndNodes_2,Weight
1,9,3.33327563718901
2,8,0.0157229908756339
2,10,1.13532350187739e-10
3,2,0.192305903043954
3,10,0.13888706723075
4,5,0.0296731338829808
5,10,0.967740581148393
6,2,0.555552716813679
6,10,0.126580768999833
9,7,0.0209201498059435
