EndNodes_1,EndNodes_2,Weight
1,2,0.0666660235647798
3,7,2.79085331233997e-11
3,8,0.0118621778968711
4,3,0.506326768190672
4,7,0.023528950480135
7,3,3.01966229798722e-11
7,4,0.0454538123396961
9,5,0.0613488432440247
