EndNodes_1,EndNodes_2,Weight
4,1,2.1723910864635e-11
4,6,1.57045487725327e-11
4,9,0.0220260498026212
4,10,0.0229881182638077
6,1,7.80608264161153e-12
7,3,0.0471690593555716
7,4,0.045870902214492
9,1,0.0232554312346724
9,6,0.612240719606475
10,2,0.408160228286859
