EndNodes_1,EndNodes_2,Weight
1,9,0.0819679195514534
4,1,0.666665533142379
8,5,0.0413216564443082
