EndNodes_1,EndNodes_2,Weight
1,6,0.0317019844119423
2,10,0.0357880145222634
3,4,0.0618032762627775
4,8,0.128576840339413
6,1,0.00592305828552484
6,5,0.00698563383345544
6,8,0.00568344728532824
7,1,0.00444022783099741
9,4,0.00461949620924757
10,6,0.00393067700148605
