EndNodes_1,EndNodes_2,Weight
1,3,0.0342129184970097
2,4,0.0938777190415276
2,8,0.0143988308810789
6,10,0.0257760957581284
7,6,0.171229056199124
7,10,0.37499368874512
9,4,0.0456625731112719
9,6,0.0182702644138849
10,4,0.139164660477608
10,6,0.00693052792173115
