EndNodes_1,EndNodes_2,Weight
2,4,0.0746058952345497
2,6,0.195631056296706
3,4,0.0916097656643535
4,6,0.0400090730614493
4,7,0.59281021074874
4,8,0.210666064216596
5,2,0.477626872456195
5,4,0.0750634592934191
7,2,0.063602235650071
7,8,0.0506806804920525
