EndNodes_1,EndNodes_2,Weight
1,6,0.046045174040977
1,8,0.0337798066677579
1,9,0.187401009925202
4,3,0.00953175924481231
4,5,0.097553991166811
5,3,0.380288808853493
6,7,0.0310460932668397
6,8,0.182899832390675
8,7,0.0132902759224086
9,6,0.206003452475631
