EndNodes_1,EndNodes_2,Weight
1,3,0.00769801192377529
2,5,0.0164741534321754
2,10,0.00846004220941806
4,5,0.031282085327361
5,10,0.0102404266972449
7,1,0.00777581664144985
7,4,0.0153724939302858
7,10,0.76087170302998
9,5,0.015266872834234
10,2,0.0112610796195511
