EndNodes_1,EndNodes_2,Weight
1,6,0.0167945907330297
1,7,0.0261346818756066
1,8,0.0142374553742568
1,9,0.179208562328098
4,5,0.219174664333724
5,3,0.611350736200604
6,7,0.0454324346764307
6,8,0.200190718859673
7,8,0.0105635501886395
9,6,0.191188782021236
