EndNodes_1,EndNodes_2,Weight
1,3,0.0589152386301709
2,4,0.0705510593746813
2,8,0.0243304438958736
6,10,0.0124882039052977
7,4,0.031027559359612
7,6,0.140722698195064
7,10,0.431798428605967
9,4,0.0736377677252737
10,3,0.0114748879068704
10,4,0.0360864695446993
