EndNodes_1,EndNodes_2,Weight
1,6,0.0243157266750859
2,10,0.0172244112446022
3,1,0.0153606885841384
3,4,0.0729917139729049
3,9,0.0158727512964309
4,8,0.414744821740051
6,10,0.0154774507638981
9,1,0.0222713145507049
10,2,0.0156801036266562
10,5,0.0115603590727146
