EndNodes_1,EndNodes_2,Weight
2,4,0.0902516959820826
2,7,0.0150699483512363
2,10,0.0726740787039492
3,10,0.150285464505483
5,1,0.0419100260545437
5,10,0.0131439084354762
7,10,0.0158502395347488
8,4,0.717671422238197
8,9,0.0766049664381855
10,7,0.0169920514483475
