EndNodes_1,EndNodes_2,Weight
1,6,0.105932105414435
2,6,0.716509443489353
2,7,0.046955584127272
3,7,0.166204863049212
3,10,0.445900241652322
6,7,0.128719405578824
7,8,0.10993252635983
8,2,0.0635677924578262
8,5,0.434856014662938
10,8,0.242914583590845
