EndNodes_1,EndNodes_2,Weight
2,4,0.0670794327087003
2,6,0.260477012940908
3,4,0.147329526970072
4,6,0.0348561825796866
4,7,0.755037744253925
4,8,0.152988661030377
5,2,0.267167284464527
5,4,0.0355899327068914
7,2,0.0541838632485246
7,6,0.043778597155991
