EndNodes_1,EndNodes_2,Weight
1,5,0.320850831172277
3,1,0.00929344470279942
4,10,0.00953260260942188
7,1,0.0288014015005592
7,9,0.0101211572583963
8,7,0.0203248692083463
8,10,0.00944247921985485
10,4,0.0260187014896916
10,5,0.00942331608757864
10,7,0.103804633550563
