EndNodes_1,EndNodes_2,Weight
2,1,0.00988319447168307
2,5,0.00869540928858671
2,8,0.00880261953167266
5,1,0.0117230902053622
5,3,0.00875633197857011
5,7,0.00862790142274602
8,1,0.747409680152558
9,8,0.00945156551156198
9,10,0.0227526807245741
10,9,0.0208113087595254
