EndNodes_1,EndNodes_2,Weight
1,8,0.00991055518855211
2,4,0.288259180072725
2,10,0.0466447388573122
4,6,0.405904730428238
6,10,0.148151186162066
7,6,0.181936686553845
7,8,0.74073796718533
8,3,0.00812990760115989
9,5,0.0610677017953645
9,6,0.0102145123301351
