EndNodes_1,EndNodes_2,Weight
2,4,0.555552415526615
4,3,0.0216446233678873
4,6,0.566035371657858
6,10,0.526313575589378
7,3,0.0645154673376526
7,6,0.588232855021669
7,8,0.624997851360002
7,10,2.14918083329962e-10
8,1,0.026953362991002
10,4,0.0273219850093655
