EndNodes_1,EndNodes_2,Weight
2,7,0.499998186534797
2,10,0.526311549733723
3,10,0.476191512009426
8,4,0.714199196008489
9,4,1.47473686307099e-08
9,8,9.99981626343874
10,7,4.79405657365547e-12
