EndNodes_1,EndNodes_2,Weight
1,6,0.666662165645767
1,7,0.181690792589047
2,6,0.722890850684961
2,8,0.326507167158966
3,7,0.270268081115547
3,10,0.384612936428373
6,7,0.188677109897251
8,2,0.301202816441731
8,5,0.843314004746169
10,8,0.632451614922289
