EndNodes_1,EndNodes_2,Weight
1,5,0.526316817632837
4,7,1.04215525098539e-11
7,4,4.26494950467315e-11
7,10,0.0641016893242199
10,4,0.363634884019258
10,7,0.263154839841813
