EndNodes_1,EndNodes_2,Weight
1,3,0.83333285780043
2,4,0.192305683873563
2,8,0.208331311921214
7,4,1.81091530659927e-10
7,6,0.0429177088032936
7,10,0.769229306632181
8,4,5.64495572239624e-11
8,6,2.23993288269456e-11
8,7,0.0316450892076199
10,4,0.180178836505541
