EndNodes_1,EndNodes_2,Weight
3,7,0.042917802633256
3,10,7.92411691818984e-11
4,6,0.107525813328467
5,7,0.0520826095545323
6,3,0.0465108857520098
7,10,0.555552196492644
8,4,0.0653586968848249
