EndNodes_1,EndNodes_2,Weight
1,6,0.0720813189534896
1,9,0.0888877987934945
4,3,0.21865563947219
4,5,0.0446421338164423
5,3,0.48229922451149
6,8,0.151513567648282
7,1,0.0326792313655188
8,7,0.0835642417015338
9,1,0.0956926125628283
9,6,0.0592653165553867
