EndNodes_1,EndNodes_2,Weight
1,6,0.0269079387856898
2,10,0.0393293120718031
3,4,0.0501978911910306
4,8,0.190719705035273
5,1,0.00353709253256687
6,5,0.00717700727079912
6,8,0.0036498478620423
7,1,0.0100813881313669
7,9,0.00389258996376399
8,10,0.00429463000583064
