EndNodes_1,EndNodes_2,Weight
1,3,0.0333082499941282
2,4,0.1049794553663
2,8,0.0193860554328038
6,10,0.0182161222404657
7,6,0.136280576510459
7,10,0.466396008480504
9,4,0.0586385451629671
9,6,0.00903771583243655
10,3,0.0139785238700882
10,4,0.140168266595269
