EndNodes_1,EndNodes_2,Weight
1,6,0.0524571113752507
1,8,0.0489356013806452
1,9,0.196746874679412
4,3,0.00958938016762997
4,5,0.0981323541933244
5,3,0.33600284159754
6,7,0.0270620294768586
6,8,0.15534579990896
8,7,0.0101597259406727
9,6,0.158673684532969
