EndNodes_1,EndNodes_2,Weight
1,7,0.0221849234870915
3,9,0.00488200739476338
4,5,0.0147642096250233
5,6,0.0037565729382066
5,7,0.00405604130850816
6,1,0.0037735234069691
7,10,0.649436486329137
8,6,0.00545732228898954
9,5,0.00606010476484853
9,7,0.00391952714997825
