EndNodes_1,EndNodes_2,Weight
1,6,0.205348834158569
2,6,0.692753445871779
3,7,0.0813608543156515
3,10,0.146040132112875
5,2,0.0226671388275086
6,7,0.121300245846026
7,8,0.0686568037389329
8,2,0.0666546209317551
8,5,0.416371193732513
10,8,0.193027033610175
