EndNodes_1,EndNodes_2,Weight
1,5,0.457675678686336
2,9,0.0037230082481651
3,7,0.00418326646361107
6,7,0.00374398467865448
6,9,0.00404037749832633
7,1,0.0113963970228185
7,2,0.0040626368684356
7,4,0.00491947751545876
10,4,0.0188958701882835
10,7,0.0435117652290475
