EndNodes_1,EndNodes_2,Weight
1,10,0.00688535863009206
2,4,0.0431346944931572
2,7,0.0876454470949767
2,10,0.171822013024623
3,10,0.212163974111856
5,1,0.0241749976738837
5,10,0.0334347910968874
7,5,0.00748467174948513
8,4,0.629426457519909
8,9,0.0707931207453069
