EndNodes_1,EndNodes_2,Weight
2,4,0.231620054539081
2,10,0.0110061565946217
4,6,0.304031186047671
4,10,0.00719250590071471
6,10,0.264195039360541
7,1,0.00715388473033798
7,6,0.335846285660688
7,8,0.594065874745379
8,6,0.00888395201155874
9,5,0.0831166327407319
