EndNodes_1,EndNodes_2,Weight
1,10,0.0328825620420897
2,4,0.0749696540759506
2,6,0.194305919716176
3,4,0.0741273651944197
4,6,0.0311681447495113
4,7,0.547129910750341
4,8,0.224567323888727
5,2,0.518282228283481
7,2,0.0772949678996452
7,8,0.102646498318263
