EndNodes_1,EndNodes_2,Weight
2,1,0.00553922183088272
2,3,0.00564227912405036
3,2,0.00337239694883643
3,6,0.00396196889925626
3,10,0.00400748455507457
4,2,0.00487804881405431
4,3,0.00381206488330886
6,9,0.00665456443942352
8,1,0.492465741658458
9,10,0.0439041283176213
