EndNodes_1,EndNodes_2,Weight
1,2,0.00446495286557855
2,4,0.215996981313674
2,10,0.0120643629532355
4,6,0.475445135965432
6,8,0.00467781639108536
6,10,0.341402154467184
7,6,0.152789734958833
7,8,0.309516212706909
8,6,0.00545361765314421
9,5,0.0400334324546344
