EndNodes_1,EndNodes_2,Weight
1,5,0.658757726049868
2,9,0.00563562113372528
4,10,0.00538068341643103
5,1,0.00514752651341499
6,2,0.00539995075938674
6,4,0.00460709168705683
7,1,0.00907134145142616
7,2,0.00470665585379603
10,4,0.0142267312460982
10,7,0.043092332047563
