EndNodes_1,EndNodes_2,Weight
1,3,0.00364170110583968
1,5,0.00369900889420421
1,7,0.0188307338398986
3,5,0.00698017180077142
3,9,0.00463457196722815
4,5,0.0146344540999324
5,1,0.0045927782435311
6,8,0.00366738347738468
7,10,0.714078968402215
8,6,0.00429043989541413
