EndNodes_1,EndNodes_2,Weight
2,4,0.0547813529085638
2,7,0.0819881933393909
2,10,0.253592630000303
3,4,0.00503361565718674
3,10,0.200836152118169
5,1,0.022098848534498
5,10,0.013944896315323
7,4,0.00538735995375584
8,4,0.478738749379844
8,9,0.0769468298907651
