EndNodes_1,EndNodes_2,Weight
2,4,0.0586130779746393
2,6,0.137727408914243
3,4,0.0820851346181836
4,6,0.0324269927911925
4,7,0.659847392613779
4,8,0.223441214205061
5,2,0.521422150094678
5,4,0.0610661495976946
7,2,0.0683891355279692
7,8,0.0728075744396311
