EndNodes_1,EndNodes_2,Weight
2,1,0.00502522851281556
2,3,0.00464046971855845
2,4,0.00510399032137843
4,3,0.00862089587334204
5,2,0.00511570779985132
6,7,0.00519390839096128
7,9,0.00486147009298573
8,1,0.488824437183109
9,5,0.00543425537523825
9,10,0.0238134686511039
