EndNodes_1,EndNodes_2,Weight
1,6,0.0241401780048583
2,7,0.00457908916262229
2,10,0.0196884196420327
3,4,0.0411509483953055
3,10,0.00694828303583286
4,8,0.166528593846695
6,5,0.00702786445209839
6,8,0.0056763959654476
10,5,0.00564352026116746
10,9,0.00448788295253544
