EndNodes_1,EndNodes_2,Weight
1,6,0.0492386243902029
1,8,0.04271838120625
1,9,0.163931717374729
4,3,0.0100090829011554
4,5,0.138218443163018
5,3,0.451867113915495
6,7,0.0301318100779579
6,8,0.167432985034039
8,7,0.0167005903489533
9,6,0.151670398742914
