EndNodes_1,EndNodes_2,Weight
1,3,0.0264432379046615
2,4,0.0878843316041918
2,8,0.0156352381278095
5,2,0.00978113402162055
6,10,0.0164667675728928
7,6,0.238522228093741
7,10,0.3202252099041
9,4,0.0560666342672093
10,3,0.0103313590128957
10,4,0.107944573268608
