EndNodes_1,EndNodes_2,Weight
1,6,0.19229722174843
2,6,0.654397205113238
3,7,0.112035173606395
3,10,0.132831234175505
5,2,0.036165999485169
6,7,0.118583265429753
7,8,0.0790639041389054
8,2,0.0580544395574098
8,5,0.392476366745485
10,8,0.177915076366876
