EndNodes_1,EndNodes_2,Weight
1,6,0.018256069680184
1,8,0.00791112803121186
2,10,0.023904062021163
3,1,0.00852128410729159
3,4,0.0506872242616193
4,8,0.204863924405921
5,3,0.00746528676541398
5,6,0.0116502734064752
6,7,0.00827792383665921
7,10,0.00768030549894357
