EndNodes_1,EndNodes_2,Weight
2,4,0.0664767471495312
2,6,0.158845529297673
3,4,0.137709523631736
4,6,0.075565763599099
4,7,0.414367034619302
4,8,0.156171535445493
5,2,0.739481622282198
5,4,0.0977718962595073
7,2,0.0767977932511433
7,8,0.0642837836389292
