EndNodes_1,EndNodes_2,Weight
2,4,0.0287266137833359
2,7,0.0990426174128708
2,10,0.160380394986588
3,6,0.00865780229588734
3,10,0.233545614584536
5,1,0.0206349133373335
5,10,0.0130699215287199
6,8,0.00894426718130193
8,4,0.326888417904225
8,9,0.0951642194604367
