EndNodes_1,EndNodes_2,Weight
1,6,0.198197589130403
2,6,0.707706216805222
3,7,0.16970727050782
3,8,0.173415565000908
3,10,0.243549222145953
6,7,0.0872736616581249
7,8,0.0533638935141447
8,2,0.0573864592186393
8,5,0.541341027523394
10,8,0.110845522343005
