EndNodes_1,EndNodes_2,Weight
1,3,0.0106607237205854
1,5,0.615569836160977
4,9,0.00683040453764503
4,10,0.00863904317951401
7,1,0.00652075587936029
7,5,0.01346347706585
9,3,0.00989584066381919
10,4,0.0120774111764558
10,7,0.0401231427186223
10,8,0.0077367255805908
