EndNodes_1,EndNodes_2,Weight
3,1,0.00735195676595998
4,2,0.00711721930005996
4,3,0.00724093537566597
5,6,0.00821671271034822
6,9,0.00816002630901519
8,1,0.32918736475204
8,4,0.00742920111183668
9,10,0.0252969055089686
10,2,0.00628514231826186
10,3,0.00634497996650594
