EndNodes_1,EndNodes_2,Weight
1,3,0.0320811274073358
2,4,0.134561722010229
5,8,0.0106400856324854
7,6,0.255856402989668
7,10,0.658769372585127
9,4,0.0405514969015373
9,6,0.0116958602938341
10,3,0.00833133192317725
10,4,0.118028370557579
10,6,0.0108147515154769
