EndNodes_1,EndNodes_2,Weight
2,4,0.398857610979322
4,6,0.314635045212206
5,7,0.00834212600571521
6,10,0.387580924305937
7,1,0.00569918920639463
7,6,0.182646599834444
7,8,0.565114924039952
8,5,0.00640183546602966
8,10,0.006787618611627
9,5,0.0328508557948261
