EndNodes_1,EndNodes_2,Weight
1,5,0.00656507162790282
1,7,0.00679785874492333
2,9,0.00932376482019164
4,5,0.0238240516879882
6,3,0.00774870300218227
7,1,0.00605490536113993
7,10,0.663745510552017
8,7,0.00752982604467468
8,10,0.00564914404511726
10,9,0.00526289623720864
