EndNodes_1,EndNodes_2,Weight
1,6,0.0372764766925291
1,8,0.0206424898065433
1,9,0.155307076969712
4,5,0.126794413844573
5,3,0.636660154643958
6,7,0.0514810332301237
6,8,0.245649839781566
7,8,0.0140402107538094
8,7,0.0169531216129564
9,6,0.190901882691325
