EndNodes_1,EndNodes_2,Weight
1,6,0.179665713821442
2,6,0.758822095885491
3,7,0.037159815091143
3,10,0.402822643285732
6,7,0.122173385828168
7,8,0.0780406722281574
8,2,0.0773080852584619
8,5,0.295627753724881
9,6,0.0178980386464119
10,8,0.153549538453025
