EndNodes_1,EndNodes_2,Weight
2,4,0.0484282689809599
2,6,0.172800431849451
3,4,0.0983839378149094
4,7,0.432087902903864
4,8,0.161244752169662
5,2,0.871319678583451
5,4,0.098494105126653
5,6,0.0664904971343713
7,2,0.0556772401226594
7,8,0.0839213940043006
