EndNodes_1,EndNodes_2,Weight
1,6,0.0243649791340144
2,10,0.027125822989117
3,2,0.0114231661518474
3,4,0.0415602031095355
4,8,0.106990508944208
6,5,0.00789410054227239
7,1,0.0208686748619225
7,10,0.00762898187504991
8,4,0.00738007342041336
10,5,0.00833422595860494
