EndNodes_1,EndNodes_2,Weight
2,3,0.00617079211396036
2,4,0.00698927283925737
3,2,0.00568608899799793
3,4,0.00800955426634088
4,3,0.00679237759784485
5,2,0.0117338710872622
5,7,0.00567792380499121
6,9,0.00995001340846539
8,1,0.487449982476375
9,10,0.0361801707750166
