EndNodes_1,EndNodes_2,Weight
2,4,0.0311459790960787
2,7,0.0645916265574265
2,10,0.245107367274112
3,10,0.224085314013538
5,1,0.0282559199578486
5,10,0.0269861009222925
7,4,0.00868749091308733
7,5,0.0105046807817728
8,4,0.591680228279299
8,9,0.0767358185530217
