EndNodes_1,EndNodes_2,Weight
1,5,0.60992989724231
2,4,0.00638178502302244
3,1,0.00592139076627955
3,9,0.00510622116838826
3,10,0.00661500905600428
7,1,0.0113730714282451
7,9,0.00641853873277301
8,7,0.00863546369732458
10,4,0.0179416967196213
10,7,0.0417111022426308
