EndNodes_1,EndNodes_2,Weight
1,3,0.0217568359371377
2,4,0.129026586820894
6,9,0.0110793612727143
6,10,0.0258743876959439
7,6,0.177088677605246
7,10,0.295111188495645
9,4,0.0444449934100692
9,6,0.0107490730654308
10,3,0.0135311471649869
10,4,0.149877458274199
