EndNodes_1,EndNodes_2,Weight
1,6,0.0503360651006948
1,8,0.0389553691370818
1,9,0.169897131251621
2,7,0.00947193891621083
4,5,0.135282091477393
5,3,0.400323508715407
6,7,0.0522260555336574
6,8,0.246848564789698
8,7,0.0134910694805085
9,6,0.124339979146206
