EndNodes_1,EndNodes_2,Weight
2,4,0.235524101701052
4,6,0.500311189046465
6,10,0.306924909158346
7,1,0.00684868071844696
7,5,0.0096894299049985
7,6,0.405175091371611
7,8,0.424316698699201
9,4,0.00484027080606569
9,5,0.0159315100328022
9,6,0.00563199979439302
