EndNodes_1,EndNodes_2,Weight
1,5,0.00620338317317185
1,7,0.0135940697366655
3,9,0.00523958583481875
4,5,0.00868166679103049
5,2,0.00579260187768997
6,2,0.0052780876021792
6,4,0.00625915041740438
7,1,0.00561672749381442
7,4,0.00619184449926427
7,10,0.533559592897915
