EndNodes_1,EndNodes_2,Weight
2,3,0.0232014225131853
2,4,0.43478229359596
3,10,0.0121114954628665
4,6,0.605036207102799
6,10,0.231124887877482
7,6,0.520139490454904
7,8,0.63956052982025
7,10,0.0397603193348376
9,3,0.0116819849504492
9,5,0.0571424357784634
