EndNodes_1,EndNodes_2,Weight
1,3,0.0120916711975219
1,4,0.0102984100973405
2,5,0.0097653747613563
3,7,0.0107408928211071
4,5,0.0269538092703395
5,4,0.0124685241202236
7,10,0.864196077615155
8,3,0.011363403886296
8,7,0.0119471704335832
9,5,0.00912382297285896
