EndNodes_1,EndNodes_2,Weight
1,6,0.0287428347908703
1,7,0.0208007151993155
1,8,0.0201136762237306
1,9,0.150941788125745
4,5,0.170672157014926
5,3,0.601501674222013
6,7,0.0426278347954934
6,8,0.106499704622848
7,8,0.0298187889310448
9,6,0.0842234711886558
