EndNodes_1,EndNodes_2,Weight
2,1,0.0125528881655934
2,5,0.010615443805326
2,8,0.0107756331800829
2,9,0.0103839805942236
2,10,0.0121462265471673
5,1,0.0116275642061851
5,7,0.0237244255938836
8,1,0.734050331158743
9,1,0.0104056468603168
9,10,0.15729341199487
