EndNodes_1,EndNodes_2,Weight
1,6,0.0183818945088113
3,4,0.0963559955640216
3,6,0.0106834796266827
3,9,0.0110008630363288
4,8,0.178031378809571
6,2,0.0134045528559968
6,10,0.0156859502853865
7,1,0.0225984274679609
7,8,0.00973709085092523
8,3,0.0094964338444931
