EndNodes_1,EndNodes_2,Weight
1,3,0.0431648803915674
2,4,0.0731835517666048
2,8,0.0296428390502288
6,4,0.0194947400436284
7,4,0.145856024195121
7,6,0.138503198040707
7,10,0.609975337352774
9,4,0.073723108045921
10,4,0.0640594814945993
10,7,0.0141540153117631
