EndNodes_1,EndNodes_2,Weight
2,4,0.0507593732571563
2,6,0.20844406195608
3,4,0.14499152029693
4,6,0.0905573983012615
4,7,0.731062098580731
4,8,0.218836640241701
5,2,0.963402836175407
5,4,0.0475825345063422
7,2,0.0638849543141261
7,8,0.172712381180515
