EndNodes_1,EndNodes_2,Weight
1,6,0.062111618214304
2,5,0.0255342936927578
2,6,0.306353651907276
3,7,0.123075747130625
3,8,0.279151744394839
3,10,0.445123458169411
6,7,0.0779889496728441
7,8,0.0628639334006186
8,2,0.108080283798323
8,5,0.438191985003164
