EndNodes_1,EndNodes_2,Weight
2,4,0.0614202704698221
2,7,0.019686054609853
2,10,0.183027353457846
3,10,0.474686200226372
5,1,0.0739125423314054
5,10,0.0119760475429774
8,4,0.507939500075934
8,9,0.0303026230899596
9,7,0.0133599995542292
9,10,0.0134408285922517
