EndNodes_1,EndNodes_2,Weight
1,5,0.759492257767501
2,8,0.00973685760388734
3,8,0.00956913904536286
6,10,0.00996981912443487
7,1,0.0161939996806701
7,9,0.01555180998028
9,4,0.0118214646580909
9,10,0.00917405292817264
10,4,0.0833468029911679
10,7,0.0343244153459744
