EndNodes_1,EndNodes_2,Weight
1,3,0.077219271831548
2,4,0.0456613341804096
2,7,0.0277004850828338
6,4,0.0529093589039015
7,4,0.0337592672133598
7,6,0.588231886249221
7,10,0.580398416570982
9,4,0.299998106862565
9,6,0.0289010798411309
10,4,0.0522186349441577
