EndNodes_1,EndNodes_2,Weight
2,10,0.0221235205473074
3,4,0.273970438710976
3,8,0.108495231872324
4,8,0.0284895625095246
5,6,0.0218337128474737
5,8,4.85153583973386e-12
6,2,0.0151282949779742
6,8,0.0757565929534019
6,10,0.0174516996447245
10,2,8.43707740771258e-12
