EndNodes_1,EndNodes_2,Weight
2,4,0.124998533457667
3,1,0.0413215591119769
4,2,0.018115656046723
4,6,0.185183273999273
6,10,0.552484888137454
7,1,0.0202837291489415
7,2,0.0202835780247983
7,6,0.0884945326296482
7,8,0.634917542843246
9,5,0.344824432214533
