EndNodes_1,EndNodes_2,Weight
2,4,0.0212310683856724
2,7,0.0181156338895569
3,9,0.0448424128536066
4,5,0.0232554198708351
4,6,0.0192304476993106
6,8,0.017698768560875
6,9,0.0209640245493702
7,8,0.0220260610540801
7,10,0.816325821524278
9,8,1.45557690115588e-11
