EndNodes_1,EndNodes_2,Weight
1,6,0.0862057111622175
2,6,0.245612361719569
3,7,0.555553157870247
3,8,0.210043076225333
3,10,0.48780355051325
6,7,0.10248780489648
7,8,0.128938222340384
8,2,0.0606973025565705
8,5,0.717949026432505
9,6,0.02347378539683
