EndNodes_1,EndNodes_2,Weight
3,10,0.0341876026682897
5,6,0.020201674525714
6,9,0.0254449456669832
8,1,0.638295218386288
8,3,0.0218335382262293
8,5,0.0169776341523159
9,10,0.0252520450459891
10,2,0.0109767109478631
10,6,0.0113119655706083
10,7,0.0108575240680584
