EndNodes_1,EndNodes_2,Weight
1,5,0.666573672761379
2,9,0.012869763871313
2,10,0.0264896953320234
3,4,0.0246301360637432
7,10,0.0452482120142749
8,4,0.0161809376279619
9,2,0.0403219397610194
10,4,1.40298026330688e-11
10,7,0.0539560822118931
10,8,0.0128038496308966
