EndNodes_1,EndNodes_2,Weight
2,4,0.151115798259262
2,6,0.268492383430357
3,1,0.0573277842317742
3,4,0.0460728357393586
4,6,0.304344687150072
4,7,0.876311656525829
4,8,0.423891425238758
5,2,0.929638973845623
7,2,0.0364638654145664
7,8,0.0885408457124541
