EndNodes_1,EndNodes_2,Weight
2,4,0.0668170535907221
2,7,0.0660059063922688
2,10,0.560762063132818
3,8,0.0223708676379143
3,10,0.158728581203441
5,1,0.023147735712569
6,3,0.0233096284512744
6,5,0.0214589422387795
8,4,0.907353595123495
8,9,0.274425787152239
