EndNodes_1,EndNodes_2,Weight
1,6,0.17127735556554
1,9,0.247676487157211
2,1,0.0179852608783197
2,3,0.0243903535558905
4,5,0.119998582482311
5,3,0.415238157514968
6,7,0.087608131792269
6,8,0.182813372908384
9,6,0.0772887580472372
10,3,0.0298508658701015
