EndNodes_1,EndNodes_2,Weight
2,3,0.0451474590625097
2,4,0.0692031973469557
3,10,0.0243304986400979
4,6,0.638294016507313
6,10,0.266270029297814
7,1,0.0564964888715488
7,5,0.0433833115868857
7,6,0.714348882476639
7,8,0.888887722060681
9,5,0.0405947654499016
