EndNodes_1,EndNodes_2,Weight
1,3,0.0380221638802772
2,4,0.0541346170738062
2,8,0.0258396325458138
6,10,0.0255751144445608
7,6,0.0812999198155581
7,10,0.576918918951053
8,4,0.0201836309472342
9,4,0.109090629271205
9,8,0.0244423402224827
10,4,0.0889090923405713
