EndNodes_1,EndNodes_2,Weight
1,6,0.0303638874406597
3,4,0.0666654595298188
3,6,0.0123759853235771
4,3,0.0118061309797293
4,8,0.189225352577472
6,5,0.018957023737814
6,7,0.01578499179005
7,1,0.0147055243790486
7,3,0.0125784847973079
9,3,0.0131577252002587
