EndNodes_1,EndNodes_2,Weight
1,3,0.0115072447266515
1,5,0.609754214003167
2,3,0.0122546469279032
2,4,0.0124997401527576
6,5,0.0175743671763154
7,1,0.0242714299176077
7,2,0.0104272848221248
9,8,0.0107063969223969
10,4,0.0376641959174764
10,7,0.0431027936431553
