EndNodes_1,EndNodes_2,Weight
2,4,0.112045766359584
2,10,0.14705795693907
3,5,0.0125467720028487
3,10,0.141341748740339
5,1,0.0904971227421509
5,3,0.0117506647999257
7,4,0.0305485584442931
8,4,0.124648889201912
8,9,0.444442051468656
8,10,0.0224715432059634
