EndNodes_1,EndNodes_2,Weight
3,6,0.01353153514984
3,8,0.012531052104863
3,9,0.0147271123762812
5,2,0.0127223772521024
6,2,0.0132447598342332
6,3,0.0132623508393011
6,8,0.0142854189584952
6,9,0.0151281610328838
8,1,0.286531023604952
9,10,0.0214359442882166
