EndNodes_1,EndNodes_2,Weight
1,6,0.0280517645300377
1,7,0.085436190608523
1,8,0.0483981927057275
1,9,0.154438624694558
4,3,0.0188421329284049
4,5,0.0995585628085487
5,3,0.510846193383438
6,8,0.15191222784021
9,6,0.473464807300181
9,7,0.0422855382973698
