EndNodes_1,EndNodes_2,Weight
1,3,0.0159486651681895
4,9,0.0205546325105351
5,7,0.0120479865024665
6,3,0.0155518059009344
7,3,0.0133687133509364
7,10,0.746265612795005
8,3,0.0165559860637535
8,10,0.0161547986969771
9,5,0.0132097898267257
10,2,0.0146732382445729
