EndNodes_1,EndNodes_2,Weight
1,6,0.153256683797642
2,6,0.437550990968441
3,7,0.205759417323146
3,8,0.108951469709228
3,10,0.13078711290098
5,2,0.0334481403244201
6,7,0.0848648507561023
7,8,0.0644918125562563
8,2,0.121980449107557
8,5,0.596571866793133
