EndNodes_1,EndNodes_2,Weight
1,5,0.0264280388641714
2,4,0.123193405233438
2,6,0.258863575592789
3,4,0.302389491668839
4,6,0.023030654808852
4,7,0.730144184312222
4,8,0.273069462503863
5,2,0.308831872695301
7,2,0.0364790316148153
8,7,0.0293327414736147
