EndNodes_1,EndNodes_2,Weight
2,6,0.014843937501096
3,8,0.0132976213066105
4,2,0.0245092577078424
4,5,0.0238091295759029
5,9,0.0134767885610982
7,6,0.0287624517363145
8,1,0.588233154795053
8,7,0.0137359665475295
8,9,0.0122545670298403
9,10,0.0265247948864689
