EndNodes_1,EndNodes_2,Weight
1,3,0.0141439982969202
2,4,0.0154795646445492
4,5,0.0445097482300749
5,8,0.0131231100012702
6,4,0.0149250789803666
6,7,0.0147707620732135
7,6,0.0131403441000162
7,10,0.724634392491922
8,4,0.0168630745142554
9,1,0.0134768365249636
