EndNodes_1,EndNodes_2,Weight
2,3,0.0345548022715206
2,4,0.517238187423273
4,6,0.447761250853506
6,10,0.494293975159265
7,1,0.0422827480036
7,6,0.59634665328659
7,8,0.641023160296765
8,6,0.0256562398401083
9,5,0.0689646334158934
9,10,0.0211412178845934
