EndNodes_1,EndNodes_2,Weight
1,6,0.145983840462638
2,6,0.883976469652884
3,7,0.0609756037855634
3,10,0.108694243710037
6,7,0.106101749149916
7,8,0.0587102009833815
8,2,0.0658676967763278
8,5,0.4272453810657
10,7,0.0678012954856512
10,8,0.330691791583954
