EndNodes_1,EndNodes_2,Weight
2,4,0.117992658091537
2,7,0.0306273984546544
2,10,0.555556099591156
3,5,0.0161809098759804
3,10,0.529647144974664
5,1,0.051812784900718
5,3,0.014305828694232
5,10,0.046442324771142
8,4,0.123965653763915
8,9,0.285710524818748
