EndNodes_1,EndNodes_2,Weight
2,4,0.104813064464439
2,6,0.114712954532072
3,4,0.100542138317579
3,5,0.0520826546842715
4,6,0.143086816330503
4,7,0.737258364504249
4,8,0.30300420920414
5,2,0.265118649231831
7,2,0.0943013477991277
7,8,0.0939488710860696
