EndNodes_1,EndNodes_2,Weight
1,5,0.0125625490045895
1,6,0.0341875094591371
2,10,0.0205757851883904
3,6,0.0245696304879207
4,2,0.0148806919241349
4,8,0.0949353110658615
5,9,0.0147272670208814
5,10,0.0126100783406996
6,3,0.0315950860606071
7,2,0.0138693700613568
