EndNodes_1,EndNodes_2,Weight
1,3,0.0405673340441317
2,4,0.434781790722328
2,8,0.0263901210216012
5,2,0.0225221387670251
6,9,0.0142515253659495
7,6,0.319998358932561
7,10,0.606058355099614
9,4,0.0691235236098982
10,4,0.0869556212954768
10,9,0.0130262742885348
