EndNodes_1,EndNodes_2,Weight
1,6,0.0280596722018216
1,7,0.0528997364599928
1,8,0.0263997089001005
1,9,0.119521650976794
4,5,0.520830404284094
5,3,0.639996859844324
6,7,0.0375221617103407
6,8,0.302894356742684
7,8,0.0379756382393941
9,6,0.424374781036843
