EndNodes_1,EndNodes_2,Weight
1,5,0.666660775293851
2,10,0.0286939513569688
3,2,0.0199199664259769
3,8,0.0196846943137592
5,7,0.00845286715766199
7,2,0.0101007703829424
9,3,0.0132097897968584
10,4,0.0265953213646331
10,7,0.0286528159507508
10,8,0.0124685627537453
